mode: set
github.com/ichiban/prolog/engine/atom.go:221.32,223.86 1 1
github.com/ichiban/prolog/engine/atom.go:223.86,225.3 1 1
github.com/ichiban/prolog/engine/atom.go:227.2,231.8 4 1
github.com/ichiban/prolog/engine/atom.go:231.8,233.3 1 1
github.com/ichiban/prolog/engine/atom.go:235.2,238.10 4 1
github.com/ichiban/prolog/engine/atom.go:242.72,246.15 3 1
github.com/ichiban/prolog/engine/atom.go:246.15,247.80 1 1
github.com/ichiban/prolog/engine/atom.go:247.80,249.4 1 1
github.com/ichiban/prolog/engine/atom.go:250.3,251.57 2 1
github.com/ichiban/prolog/engine/atom.go:254.2,254.34 1 1
github.com/ichiban/prolog/engine/atom.go:254.34,255.62 1 1
github.com/ichiban/prolog/engine/atom.go:255.62,257.4 1 1
github.com/ichiban/prolog/engine/atom.go:258.3,259.64 2 1
github.com/ichiban/prolog/engine/atom.go:259.64,261.4 1 1
github.com/ichiban/prolog/engine/atom.go:262.8,263.97 1 1
github.com/ichiban/prolog/engine/atom.go:263.97,265.4 1 1
github.com/ichiban/prolog/engine/atom.go:266.3,267.99 2 1
github.com/ichiban/prolog/engine/atom.go:267.99,269.4 1 1
github.com/ichiban/prolog/engine/atom.go:272.2,272.15 1 1
github.com/ichiban/prolog/engine/atom.go:272.15,274.3 1 1
github.com/ichiban/prolog/engine/atom.go:276.2,276.15 1 1
github.com/ichiban/prolog/engine/atom.go:280.45,281.36 1 1
github.com/ichiban/prolog/engine/atom.go:282.32,283.11 1 1
github.com/ichiban/prolog/engine/atom.go:284.12,285.56 1 1
github.com/ichiban/prolog/engine/atom.go:286.14,287.12 1 1
github.com/ichiban/prolog/engine/atom.go:288.14,289.13 1 1
github.com/ichiban/prolog/engine/atom.go:290.11,291.12 1 1
github.com/ichiban/prolog/engine/atom.go:293.10,294.12 1 1
github.com/ichiban/prolog/engine/atom.go:298.31,299.23 1 1
github.com/ichiban/prolog/engine/atom.go:299.23,301.3 1 1
github.com/ichiban/prolog/engine/atom.go:302.2,304.44 3 1
github.com/ichiban/prolog/engine/atom.go:309.40,310.20 1 1
github.com/ichiban/prolog/engine/atom.go:310.20,312.3 1 1
github.com/ichiban/prolog/engine/atom.go:313.2,316.3 1 1
github.com/ichiban/prolog/engine/atom.go:319.30,327.2 3 1
github.com/ichiban/prolog/engine/atom.go:329.29,331.2 1 1
github.com/ichiban/prolog/engine/atom.go:333.41,334.11 1 1
github.com/ichiban/prolog/engine/atom.go:335.12,336.14 1 1
github.com/ichiban/prolog/engine/atom.go:337.12,338.14 1 1
github.com/ichiban/prolog/engine/atom.go:339.12,340.14 1 1
github.com/ichiban/prolog/engine/atom.go:341.12,342.14 1 1
github.com/ichiban/prolog/engine/atom.go:343.12,344.14 1 1
github.com/ichiban/prolog/engine/atom.go:345.12,346.14 1 1
github.com/ichiban/prolog/engine/atom.go:347.12,348.14 1 1
github.com/ichiban/prolog/engine/atom.go:349.11,350.14 1 1
github.com/ichiban/prolog/engine/atom.go:351.11,352.14 1 1
github.com/ichiban/prolog/engine/atom.go:353.10,355.23 2 1
github.com/ichiban/prolog/engine/atom.go:355.23,357.4 1 1
github.com/ichiban/prolog/engine/atom.go:358.3,358.31 1 1
github.com/ichiban/prolog/engine/atom.go:362.31,365.2 2 1
github.com/ichiban/prolog/engine/atom.go:367.27,370.2 2 1
github.com/ichiban/prolog/engine/builtin.go:44.45,45.7 1 0
github.com/ichiban/prolog/engine/builtin.go:45.7,47.3 1 0
github.com/ichiban/prolog/engine/builtin.go:47.8,49.3 1 0
github.com/ichiban/prolog/engine/builtin.go:52.13,54.46 2 1
github.com/ichiban/prolog/engine/builtin.go:54.46,56.3 1 0
github.com/ichiban/prolog/engine/builtin.go:56.8,58.3 1 1
github.com/ichiban/prolog/engine/builtin.go:82.53,88.47 3 1
github.com/ichiban/prolog/engine/builtin.go:88.47,90.3 1 0
github.com/ichiban/prolog/engine/builtin.go:92.2,92.27 1 1
github.com/ichiban/prolog/engine/builtin.go:92.27,101.45 1 1
github.com/ichiban/prolog/engine/builtin.go:101.45,104.4 2 1
github.com/ichiban/prolog/engine/builtin.go:105.3,106.27 2 0
github.com/ichiban/prolog/engine/builtin.go:111.2,111.28 1 1
github.com/ichiban/prolog/engine/builtin.go:111.28,113.3 1 1
github.com/ichiban/prolog/engine/builtin.go:115.2,115.9 1 0
github.com/ichiban/prolog/engine/builtin.go:116.55,117.14 1 0
github.com/ichiban/prolog/engine/builtin.go:118.10,120.15 1 0
github.com/ichiban/prolog/engine/builtin.go:126.28,127.33 1 0
github.com/ichiban/prolog/engine/builtin.go:127.33,133.3 3 0
github.com/ichiban/prolog/engine/builtin.go:137.47,138.51 1 1
github.com/ichiban/prolog/engine/builtin.go:138.51,140.3 1 1
github.com/ichiban/prolog/engine/builtin.go:144.59,145.50 1 1
github.com/ichiban/prolog/engine/builtin.go:145.50,147.17 2 1
github.com/ichiban/prolog/engine/builtin.go:147.17,149.4 1 1
github.com/ichiban/prolog/engine/builtin.go:150.3,150.9 1 1
github.com/ichiban/prolog/engine/builtin.go:150.9,152.4 1 1
github.com/ichiban/prolog/engine/builtin.go:153.3,153.16 1 1
github.com/ichiban/prolog/engine/builtin.go:158.67,160.39 2 1
github.com/ichiban/prolog/engine/builtin.go:161.16,162.40 1 1
github.com/ichiban/prolog/engine/builtin.go:163.10,166.17 3 1
github.com/ichiban/prolog/engine/builtin.go:166.17,168.4 1 1
github.com/ichiban/prolog/engine/builtin.go:169.3,169.26 1 1
github.com/ichiban/prolog/engine/builtin.go:169.26,171.4 1 1
github.com/ichiban/prolog/engine/builtin.go:172.3,173.17 2 1
github.com/ichiban/prolog/engine/builtin.go:173.17,175.4 1 1
github.com/ichiban/prolog/engine/builtin.go:177.3,179.34 3 1
github.com/ichiban/prolog/engine/builtin.go:184.67,186.2 1 1
github.com/ichiban/prolog/engine/builtin.go:189.73,191.2 1 1
github.com/ichiban/prolog/engine/builtin.go:194.79,196.2 1 1
github.com/ichiban/prolog/engine/builtin.go:199.85,201.2 1 1
github.com/ichiban/prolog/engine/builtin.go:204.91,206.2 1 1
github.com/ichiban/prolog/engine/builtin.go:209.97,211.2 1 1
github.com/ichiban/prolog/engine/builtin.go:214.103,216.2 1 1
github.com/ichiban/prolog/engine/builtin.go:218.80,220.16 2 1
github.com/ichiban/prolog/engine/builtin.go:220.16,222.3 1 1
github.com/ichiban/prolog/engine/builtin.go:223.2,224.16 2 1
github.com/ichiban/prolog/engine/builtin.go:224.16,226.3 1 1
github.com/ichiban/prolog/engine/builtin.go:227.2,228.37 2 1
github.com/ichiban/prolog/engine/builtin.go:228.37,230.3 1 1
github.com/ichiban/prolog/engine/builtin.go:231.2,232.49 2 1
github.com/ichiban/prolog/engine/builtin.go:237.65,239.27 2 1
github.com/ichiban/prolog/engine/builtin.go:240.16,241.8 1 1
github.com/ichiban/prolog/engine/builtin.go:242.15,243.10 1 1
github.com/ichiban/prolog/engine/builtin.go:244.16,245.67 1 1
github.com/ichiban/prolog/engine/builtin.go:246.17,247.22 1 1
github.com/ichiban/prolog/engine/builtin.go:249.10,250.54 1 1
github.com/ichiban/prolog/engine/builtin.go:253.2,259.45 2 1
github.com/ichiban/prolog/engine/builtin.go:259.45,261.17 2 1
github.com/ichiban/prolog/engine/builtin.go:261.17,263.4 1 1
github.com/ichiban/prolog/engine/builtin.go:265.3,266.47 2 1
github.com/ichiban/prolog/engine/builtin.go:266.47,267.49 1 1
github.com/ichiban/prolog/engine/builtin.go:267.49,269.5 1 1
github.com/ichiban/prolog/engine/builtin.go:271.3,271.11 1 1
github.com/ichiban/prolog/engine/builtin.go:273.2,273.10 1 1
github.com/ichiban/prolog/engine/builtin.go:277.57,279.9 2 1
github.com/ichiban/prolog/engine/builtin.go:279.9,281.3 1 1
github.com/ichiban/prolog/engine/builtin.go:282.2,282.15 1 1
github.com/ichiban/prolog/engine/builtin.go:286.72,288.9 2 1
github.com/ichiban/prolog/engine/builtin.go:288.9,290.3 1 1
github.com/ichiban/prolog/engine/builtin.go:291.2,291.15 1 1
github.com/ichiban/prolog/engine/builtin.go:295.77,297.9 2 1
github.com/ichiban/prolog/engine/builtin.go:297.9,299.3 1 1
github.com/ichiban/prolog/engine/builtin.go:301.2,301.65 1 1
github.com/ichiban/prolog/engine/builtin.go:301.65,303.3 1 1
github.com/ichiban/prolog/engine/builtin.go:305.2,305.15 1 1
github.com/ichiban/prolog/engine/builtin.go:309.56,310.45 1 1
github.com/ichiban/prolog/engine/builtin.go:310.45,312.3 1 1
github.com/ichiban/prolog/engine/builtin.go:313.2,313.15 1 1
github.com/ichiban/prolog/engine/builtin.go:317.58,318.42 1 1
github.com/ichiban/prolog/engine/builtin.go:318.42,320.3 1 1
github.com/ichiban/prolog/engine/builtin.go:321.2,321.15 1 1
github.com/ichiban/prolog/engine/builtin.go:325.60,326.44 1 1
github.com/ichiban/prolog/engine/builtin.go:326.44,328.3 1 1
github.com/ichiban/prolog/engine/builtin.go:329.2,329.15 1 1
github.com/ichiban/prolog/engine/builtin.go:333.57,334.41 1 1
github.com/ichiban/prolog/engine/builtin.go:334.41,336.3 1 1
github.com/ichiban/prolog/engine/builtin.go:337.2,337.15 1 1
github.com/ichiban/prolog/engine/builtin.go:341.61,342.45 1 1
github.com/ichiban/prolog/engine/builtin.go:342.45,344.3 1 1
github.com/ichiban/prolog/engine/builtin.go:345.2,345.15 1 1
github.com/ichiban/prolog/engine/builtin.go:349.60,350.29 1 1
github.com/ichiban/prolog/engine/builtin.go:350.29,352.3 1 1
github.com/ichiban/prolog/engine/builtin.go:353.2,353.15 1 1
github.com/ichiban/prolog/engine/builtin.go:356.56,359.28 2 1
github.com/ichiban/prolog/engine/builtin.go:359.28,360.13 1 1
github.com/ichiban/prolog/engine/builtin.go:360.13,362.4 1 1
github.com/ichiban/prolog/engine/builtin.go:364.2,366.31 2 1
github.com/ichiban/prolog/engine/builtin.go:366.31,367.34 1 1
github.com/ichiban/prolog/engine/builtin.go:367.34,368.42 1 1
github.com/ichiban/prolog/engine/builtin.go:368.42,370.5 1 1
github.com/ichiban/prolog/engine/builtin.go:374.2,374.14 1 1
github.com/ichiban/prolog/engine/builtin.go:379.70,380.36 1 1
github.com/ichiban/prolog/engine/builtin.go:381.16,382.45 1 1
github.com/ichiban/prolog/engine/builtin.go:383.17,384.41 1 1
github.com/ichiban/prolog/engine/builtin.go:385.16,386.17 1 1
github.com/ichiban/prolog/engine/builtin.go:386.17,388.5 1 1
github.com/ichiban/prolog/engine/builtin.go:390.4,392.31 2 1
github.com/ichiban/prolog/engine/builtin.go:393.18,394.42 1 1
github.com/ichiban/prolog/engine/builtin.go:395.18,396.56 1 1
github.com/ichiban/prolog/engine/builtin.go:399.4,399.18 1 1
github.com/ichiban/prolog/engine/builtin.go:399.18,401.5 1 1
github.com/ichiban/prolog/engine/builtin.go:403.4,404.11 2 1
github.com/ichiban/prolog/engine/builtin.go:404.11,406.5 1 1
github.com/ichiban/prolog/engine/builtin.go:408.4,409.18 2 1
github.com/ichiban/prolog/engine/builtin.go:409.18,411.5 1 1
github.com/ichiban/prolog/engine/builtin.go:412.4,412.22 1 1
github.com/ichiban/prolog/engine/builtin.go:412.22,414.5 1 1
github.com/ichiban/prolog/engine/builtin.go:415.4,415.47 1 1
github.com/ichiban/prolog/engine/builtin.go:416.11,417.57 1 1
github.com/ichiban/prolog/engine/builtin.go:419.16,420.87 1 1
github.com/ichiban/prolog/engine/builtin.go:421.10,422.69 1 1
github.com/ichiban/prolog/engine/builtin.go:427.63,428.36 1 1
github.com/ichiban/prolog/engine/builtin.go:429.16,430.40 1 1
github.com/ichiban/prolog/engine/builtin.go:431.16,432.39 1 1
github.com/ichiban/prolog/engine/builtin.go:433.17,434.41 1 1
github.com/ichiban/prolog/engine/builtin.go:435.16,436.36 1 1
github.com/ichiban/prolog/engine/builtin.go:436.36,438.5 1 1
github.com/ichiban/prolog/engine/builtin.go:439.4,439.13 1 1
github.com/ichiban/prolog/engine/builtin.go:439.13,441.5 1 1
github.com/ichiban/prolog/engine/builtin.go:442.4,442.50 1 1
github.com/ichiban/prolog/engine/builtin.go:443.11,444.53 1 1
github.com/ichiban/prolog/engine/builtin.go:446.10,447.53 1 1
github.com/ichiban/prolog/engine/builtin.go:452.60,453.36 1 1
github.com/ichiban/prolog/engine/builtin.go:454.16,456.17 2 1
github.com/ichiban/prolog/engine/builtin.go:456.17,458.4 1 1
github.com/ichiban/prolog/engine/builtin.go:459.3,459.21 1 1
github.com/ichiban/prolog/engine/builtin.go:460.10,461.65 1 1
github.com/ichiban/prolog/engine/builtin.go:462.10,463.45 1 1
github.com/ichiban/prolog/engine/builtin.go:464.18,465.42 1 1
github.com/ichiban/prolog/engine/builtin.go:466.18,467.53 1 1
github.com/ichiban/prolog/engine/builtin.go:468.12,469.29 1 1
github.com/ichiban/prolog/engine/builtin.go:471.11,472.45 1 1
github.com/ichiban/prolog/engine/builtin.go:473.18,474.42 1 1
github.com/ichiban/prolog/engine/builtin.go:475.14,476.49 1 1
github.com/ichiban/prolog/engine/builtin.go:477.12,478.51 1 1
github.com/ichiban/prolog/engine/builtin.go:481.16,483.19 2 1
github.com/ichiban/prolog/engine/builtin.go:483.20,484.4 0 1
github.com/ichiban/prolog/engine/builtin.go:485.3,485.36 1 1
github.com/ichiban/prolog/engine/builtin.go:485.36,487.4 1 1
github.com/ichiban/prolog/engine/builtin.go:488.3,489.34 2 1
github.com/ichiban/prolog/engine/builtin.go:489.34,491.4 1 1
github.com/ichiban/prolog/engine/builtin.go:492.3,492.49 1 1
github.com/ichiban/prolog/engine/builtin.go:493.10,495.19 2 1
github.com/ichiban/prolog/engine/builtin.go:495.20,496.4 0 1
github.com/ichiban/prolog/engine/builtin.go:497.3,497.36 1 1
github.com/ichiban/prolog/engine/builtin.go:497.36,499.4 1 1
github.com/ichiban/prolog/engine/builtin.go:500.3,500.42 1 1
github.com/ichiban/prolog/engine/builtin.go:505.64,507.16 2 1
github.com/ichiban/prolog/engine/builtin.go:507.16,509.3 1 1
github.com/ichiban/prolog/engine/builtin.go:510.2,510.34 1 1
github.com/ichiban/prolog/engine/builtin.go:513.74,514.19 1 1
github.com/ichiban/prolog/engine/builtin.go:514.19,516.3 1 1
github.com/ichiban/prolog/engine/builtin.go:517.2,518.32 2 1
github.com/ichiban/prolog/engine/builtin.go:518.32,520.3 1 1
github.com/ichiban/prolog/engine/builtin.go:521.2,521.23 1 1
github.com/ichiban/prolog/engine/builtin.go:522.16,525.16 3 1
github.com/ichiban/prolog/engine/builtin.go:526.26,527.16 1 1
github.com/ichiban/prolog/engine/builtin.go:528.12,530.17 2 1
github.com/ichiban/prolog/engine/builtin.go:530.17,532.4 1 1
github.com/ichiban/prolog/engine/builtin.go:533.3,535.20 3 1
github.com/ichiban/prolog/engine/builtin.go:535.20,537.18 2 1
github.com/ichiban/prolog/engine/builtin.go:537.18,539.5 1 1
github.com/ichiban/prolog/engine/builtin.go:540.4,540.12 1 1
github.com/ichiban/prolog/engine/builtin.go:542.3,542.16 1 1
github.com/ichiban/prolog/engine/builtin.go:543.16,547.17 4 1
github.com/ichiban/prolog/engine/builtin.go:547.17,549.4 1 1
github.com/ichiban/prolog/engine/builtin.go:550.3,552.17 3 1
github.com/ichiban/prolog/engine/builtin.go:552.17,554.4 1 1
github.com/ichiban/prolog/engine/builtin.go:555.3,557.17 3 1
github.com/ichiban/prolog/engine/builtin.go:558.16,560.17 2 1
github.com/ichiban/prolog/engine/builtin.go:560.17,562.4 1 1
github.com/ichiban/prolog/engine/builtin.go:563.3,568.34 3 1
github.com/ichiban/prolog/engine/builtin.go:568.34,570.18 2 1
github.com/ichiban/prolog/engine/builtin.go:570.18,572.5 1 1
github.com/ichiban/prolog/engine/builtin.go:573.4,573.18 1 1
github.com/ichiban/prolog/engine/builtin.go:575.3,575.17 1 1
github.com/ichiban/prolog/engine/builtin.go:576.10,577.16 1 1
github.com/ichiban/prolog/engine/builtin.go:582.72,589.24 2 1
github.com/ichiban/prolog/engine/builtin.go:589.24,591.37 2 1
github.com/ichiban/prolog/engine/builtin.go:592.17,593.32 1 1
github.com/ichiban/prolog/engine/builtin.go:593.32,595.5 1 1
github.com/ichiban/prolog/engine/builtin.go:596.4,596.27 1 1
github.com/ichiban/prolog/engine/builtin.go:597.17,599.18 2 1
github.com/ichiban/prolog/engine/builtin.go:599.18,601.5 1 1
github.com/ichiban/prolog/engine/builtin.go:602.4,602.35 1 1
github.com/ichiban/prolog/engine/builtin.go:602.35,604.5 1 1
github.com/ichiban/prolog/engine/builtin.go:605.4,605.40 1 1
github.com/ichiban/prolog/engine/builtin.go:609.2,610.18 2 1
github.com/ichiban/prolog/engine/builtin.go:610.19,611.3 0 1
github.com/ichiban/prolog/engine/builtin.go:612.2,612.35 1 1
github.com/ichiban/prolog/engine/builtin.go:612.35,614.3 1 1
github.com/ichiban/prolog/engine/builtin.go:616.2,616.46 1 1
github.com/ichiban/prolog/engine/builtin.go:630.74,632.50 2 1
github.com/ichiban/prolog/engine/builtin.go:633.16,634.40 1 1
github.com/ichiban/prolog/engine/builtin.go:635.15,636.38 1 1
github.com/ichiban/prolog/engine/builtin.go:636.38,638.4 1 1
github.com/ichiban/prolog/engine/builtin.go:639.3,639.15 1 1
github.com/ichiban/prolog/engine/builtin.go:640.10,641.59 1 1
github.com/ichiban/prolog/engine/builtin.go:644.2,645.52 2 1
github.com/ichiban/prolog/engine/builtin.go:646.16,647.40 1 1
github.com/ichiban/prolog/engine/builtin.go:648.12,651.10 3 1
github.com/ichiban/prolog/engine/builtin.go:651.10,653.4 1 1
github.com/ichiban/prolog/engine/builtin.go:654.10,655.57 1 1
github.com/ichiban/prolog/engine/builtin.go:658.2,659.38 2 1
github.com/ichiban/prolog/engine/builtin.go:660.12,661.21 1 1
github.com/ichiban/prolog/engine/builtin.go:662.10,664.19 2 1
github.com/ichiban/prolog/engine/builtin.go:664.19,665.52 1 1
github.com/ichiban/prolog/engine/builtin.go:666.14,667.41 1 1
github.com/ichiban/prolog/engine/builtin.go:668.12,669.52 1 1
github.com/ichiban/prolog/engine/builtin.go:672.3,672.36 1 1
github.com/ichiban/prolog/engine/builtin.go:672.36,674.4 1 1
github.com/ichiban/prolog/engine/builtin.go:677.2,677.29 1 1
github.com/ichiban/prolog/engine/builtin.go:677.29,678.56 1 1
github.com/ichiban/prolog/engine/builtin.go:678.56,680.4 1 1
github.com/ichiban/prolog/engine/builtin.go:684.2,685.29 2 1
github.com/ichiban/prolog/engine/builtin.go:685.29,686.77 1 1
github.com/ichiban/prolog/engine/builtin.go:686.77,688.4 1 1
github.com/ichiban/prolog/engine/builtin.go:690.3,690.37 1 1
github.com/ichiban/prolog/engine/builtin.go:692.2,694.15 2 1
github.com/ichiban/prolog/engine/builtin.go:697.90,698.14 1 1
github.com/ichiban/prolog/engine/builtin.go:699.17,701.65 2 1
github.com/ichiban/prolog/engine/builtin.go:701.65,703.4 1 1
github.com/ichiban/prolog/engine/builtin.go:704.15,705.64 1 1
github.com/ichiban/prolog/engine/builtin.go:705.64,708.66 3 1
github.com/ichiban/prolog/engine/builtin.go:708.66,710.5 1 1
github.com/ichiban/prolog/engine/builtin.go:711.4,711.72 1 1
github.com/ichiban/prolog/engine/builtin.go:713.37,714.84 1 1
github.com/ichiban/prolog/engine/builtin.go:718.2,719.22 2 1
github.com/ichiban/prolog/engine/builtin.go:720.26,721.67 1 1
github.com/ichiban/prolog/engine/builtin.go:721.67,723.4 1 1
github.com/ichiban/prolog/engine/builtin.go:724.28,725.65 1 1
github.com/ichiban/prolog/engine/builtin.go:725.65,727.4 1 1
github.com/ichiban/prolog/engine/builtin.go:730.2,730.12 1 1
github.com/ichiban/prolog/engine/builtin.go:733.56,734.26 1 1
github.com/ichiban/prolog/engine/builtin.go:734.26,735.16 1 1
github.com/ichiban/prolog/engine/builtin.go:735.16,737.4 1 1
github.com/ichiban/prolog/engine/builtin.go:739.2,739.28 1 1
github.com/ichiban/prolog/engine/builtin.go:743.81,744.43 1 1
github.com/ichiban/prolog/engine/builtin.go:745.16,746.8 1 1
github.com/ichiban/prolog/engine/builtin.go:747.15,748.24 1 1
github.com/ichiban/prolog/engine/builtin.go:748.24,750.4 1 1
github.com/ichiban/prolog/engine/builtin.go:751.10,752.72 1 1
github.com/ichiban/prolog/engine/builtin.go:755.2,755.44 1 1
github.com/ichiban/prolog/engine/builtin.go:756.16,757.8 1 1
github.com/ichiban/prolog/engine/builtin.go:758.12,767.13 1 1
github.com/ichiban/prolog/engine/builtin.go:767.13,769.4 1 1
github.com/ichiban/prolog/engine/builtin.go:770.10,771.66 1 1
github.com/ichiban/prolog/engine/builtin.go:774.2,774.32 1 1
github.com/ichiban/prolog/engine/builtin.go:775.22,776.8 1 1
github.com/ichiban/prolog/engine/builtin.go:777.10,778.50 1 1
github.com/ichiban/prolog/engine/builtin.go:781.2,787.34 4 1
github.com/ichiban/prolog/engine/builtin.go:787.34,788.26 1 1
github.com/ichiban/prolog/engine/builtin.go:788.26,790.26 2 1
github.com/ichiban/prolog/engine/builtin.go:790.26,791.13 1 1
github.com/ichiban/prolog/engine/builtin.go:793.4,793.51 1 1
github.com/ichiban/prolog/engine/builtin.go:793.51,795.5 1 1
github.com/ichiban/prolog/engine/builtin.go:798.2,798.21 1 1
github.com/ichiban/prolog/engine/builtin.go:802.57,803.71 1 1
github.com/ichiban/prolog/engine/builtin.go:803.71,805.3 1 1
github.com/ichiban/prolog/engine/builtin.go:805.22,807.3 1 1
github.com/ichiban/prolog/engine/builtin.go:808.2,808.15 1 1
github.com/ichiban/prolog/engine/builtin.go:812.57,813.71 1 1
github.com/ichiban/prolog/engine/builtin.go:813.71,815.3 1 1
github.com/ichiban/prolog/engine/builtin.go:815.22,817.3 1 1
github.com/ichiban/prolog/engine/builtin.go:818.2,818.15 1 1
github.com/ichiban/prolog/engine/builtin.go:821.94,823.16 2 1
github.com/ichiban/prolog/engine/builtin.go:823.16,825.3 1 1
github.com/ichiban/prolog/engine/builtin.go:827.2,827.56 1 1
github.com/ichiban/prolog/engine/builtin.go:827.56,829.17 2 1
github.com/ichiban/prolog/engine/builtin.go:829.17,831.4 1 1
github.com/ichiban/prolog/engine/builtin.go:835.2,836.26 2 1
github.com/ichiban/prolog/engine/builtin.go:836.26,838.3 1 1
github.com/ichiban/prolog/engine/builtin.go:839.2,840.9 2 1
github.com/ichiban/prolog/engine/builtin.go:840.9,843.3 2 1
github.com/ichiban/prolog/engine/builtin.go:844.2,847.16 3 1
github.com/ichiban/prolog/engine/builtin.go:847.16,849.3 1 1
github.com/ichiban/prolog/engine/builtin.go:851.2,854.23 4 1
github.com/ichiban/prolog/engine/builtin.go:854.23,856.3 1 1
github.com/ichiban/prolog/engine/builtin.go:858.2,866.35 3 1
github.com/ichiban/prolog/engine/builtin.go:866.35,867.41 1 1
github.com/ichiban/prolog/engine/builtin.go:867.41,869.4 1 1
github.com/ichiban/prolog/engine/builtin.go:872.2,872.70 1 1
github.com/ichiban/prolog/engine/builtin.go:872.70,873.52 1 1
github.com/ichiban/prolog/engine/builtin.go:873.52,875.4 1 0
github.com/ichiban/prolog/engine/builtin.go:875.9,876.33 1 1
github.com/ichiban/prolog/engine/builtin.go:876.33,879.5 1 1
github.com/ichiban/prolog/engine/builtin.go:882.2,882.12 1 1
github.com/ichiban/prolog/engine/builtin.go:887.37,895.19 4 1
github.com/ichiban/prolog/engine/builtin.go:895.19,897.3 1 0
github.com/ichiban/prolog/engine/builtin.go:899.2,900.24 2 1
github.com/ichiban/prolog/engine/builtin.go:900.24,901.41 1 1
github.com/ichiban/prolog/engine/builtin.go:901.41,903.4 1 1
github.com/ichiban/prolog/engine/builtin.go:906.2,906.20 1 1
github.com/ichiban/prolog/engine/builtin.go:906.20,908.3 1 1
github.com/ichiban/prolog/engine/builtin.go:908.8,910.3 1 1
github.com/ichiban/prolog/engine/builtin.go:913.2,913.34 1 1
github.com/ichiban/prolog/engine/builtin.go:917.79,918.60 1 1
github.com/ichiban/prolog/engine/builtin.go:918.60,920.3 1 1
github.com/ichiban/prolog/engine/builtin.go:924.79,925.60 1 1
github.com/ichiban/prolog/engine/builtin.go:925.60,927.3 1 1
github.com/ichiban/prolog/engine/builtin.go:930.115,933.16 3 1
github.com/ichiban/prolog/engine/builtin.go:933.16,935.3 1 1
github.com/ichiban/prolog/engine/builtin.go:936.2,937.21 2 1
github.com/ichiban/prolog/engine/builtin.go:937.21,939.3 1 1
github.com/ichiban/prolog/engine/builtin.go:940.2,940.36 1 1
github.com/ichiban/prolog/engine/builtin.go:940.36,942.3 1 1
github.com/ichiban/prolog/engine/builtin.go:943.2,948.18 5 1
github.com/ichiban/prolog/engine/builtin.go:948.19,949.3 0 1
github.com/ichiban/prolog/engine/builtin.go:950.2,950.35 1 1
github.com/ichiban/prolog/engine/builtin.go:950.35,952.3 1 1
github.com/ichiban/prolog/engine/builtin.go:954.2,954.86 1 1
github.com/ichiban/prolog/engine/builtin.go:954.86,957.18 3 1
github.com/ichiban/prolog/engine/builtin.go:957.18,963.24 6 1
github.com/ichiban/prolog/engine/builtin.go:963.24,966.28 3 1
github.com/ichiban/prolog/engine/builtin.go:966.28,969.6 2 1
github.com/ichiban/prolog/engine/builtin.go:969.11,972.6 2 1
github.com/ichiban/prolog/engine/builtin.go:974.4,975.51 2 1
github.com/ichiban/prolog/engine/builtin.go:975.51,977.28 2 1
github.com/ichiban/prolog/engine/builtin.go:977.28,979.6 1 1
github.com/ichiban/prolog/engine/builtin.go:980.5,980.57 1 1
github.com/ichiban/prolog/engine/builtin.go:983.3,983.22 1 1
github.com/ichiban/prolog/engine/builtin.go:987.42,993.20 4 1
github.com/ichiban/prolog/engine/builtin.go:993.20,996.24 3 1
github.com/ichiban/prolog/engine/builtin.go:997.17,998.25 1 1
github.com/ichiban/prolog/engine/builtin.go:999.18,1000.26 1 1
github.com/ichiban/prolog/engine/builtin.go:1000.26,1001.16 1 1
github.com/ichiban/prolog/engine/builtin.go:1001.16,1003.7 1 1
github.com/ichiban/prolog/engine/builtin.go:1004.11,1006.6 1 1
github.com/ichiban/prolog/engine/builtin.go:1007.12,1008.17 1 1
github.com/ichiban/prolog/engine/builtin.go:1010.17,1011.25 1 1
github.com/ichiban/prolog/engine/builtin.go:1012.18,1013.61 1 1
github.com/ichiban/prolog/engine/builtin.go:1013.61,1015.6 1 1
github.com/ichiban/prolog/engine/builtin.go:1016.5,1016.36 1 1
github.com/ichiban/prolog/engine/builtin.go:1016.36,1018.6 1 1
github.com/ichiban/prolog/engine/builtin.go:1019.12,1020.17 1 1
github.com/ichiban/prolog/engine/builtin.go:1022.11,1023.14 1 1
github.com/ichiban/prolog/engine/builtin.go:1023.14,1025.5 1 1
github.com/ichiban/prolog/engine/builtin.go:1028.2,1028.13 1 1
github.com/ichiban/prolog/engine/builtin.go:1031.46,1032.6 1 1
github.com/ichiban/prolog/engine/builtin.go:1032.6,1034.56 2 1
github.com/ichiban/prolog/engine/builtin.go:1034.56,1036.4 1 1
github.com/ichiban/prolog/engine/builtin.go:1037.3,1037.15 1 1
github.com/ichiban/prolog/engine/builtin.go:1042.81,1044.18 2 1
github.com/ichiban/prolog/engine/builtin.go:1044.19,1045.3 0 1
github.com/ichiban/prolog/engine/builtin.go:1046.2,1046.35 1 1
github.com/ichiban/prolog/engine/builtin.go:1046.35,1048.3 1 1
github.com/ichiban/prolog/engine/builtin.go:1049.2,1049.50 1 1
github.com/ichiban/prolog/engine/builtin.go:1049.50,1051.55 2 1
github.com/ichiban/prolog/engine/builtin.go:1051.55,1053.18 2 1
github.com/ichiban/prolog/engine/builtin.go:1053.18,1055.5 1 1
github.com/ichiban/prolog/engine/builtin.go:1056.4,1057.22 2 1
github.com/ichiban/prolog/engine/builtin.go:1058.34,1060.4 1 1
github.com/ichiban/prolog/engine/builtin.go:1061.3,1061.56 1 1
github.com/ichiban/prolog/engine/builtin.go:1066.75,1067.40 1 1
github.com/ichiban/prolog/engine/builtin.go:1068.16,1069.8 1 1
github.com/ichiban/prolog/engine/builtin.go:1070.12,1071.12 1 1
github.com/ichiban/prolog/engine/builtin.go:1072.49,1073.9 1 1
github.com/ichiban/prolog/engine/builtin.go:1074.11,1075.59 1 1
github.com/ichiban/prolog/engine/builtin.go:1077.10,1078.53 1 1
github.com/ichiban/prolog/engine/builtin.go:1081.2,1081.43 1 1
github.com/ichiban/prolog/engine/builtin.go:1082.9,1083.51 1 1
github.com/ichiban/prolog/engine/builtin.go:1084.10,1085.48 1 1
github.com/ichiban/prolog/engine/builtin.go:1086.10,1087.45 1 1
github.com/ichiban/prolog/engine/builtin.go:1093.75,1096.44 2 1
github.com/ichiban/prolog/engine/builtin.go:1097.15,1098.14 1 1
github.com/ichiban/prolog/engine/builtin.go:1099.16,1100.40 1 1
github.com/ichiban/prolog/engine/builtin.go:1101.10,1102.56 1 1
github.com/ichiban/prolog/engine/builtin.go:1105.2,1105.44 1 1
github.com/ichiban/prolog/engine/builtin.go:1106.15,1107.15 1 1
github.com/ichiban/prolog/engine/builtin.go:1108.16,1109.40 1 1
github.com/ichiban/prolog/engine/builtin.go:1110.10,1111.56 1 1
github.com/ichiban/prolog/engine/builtin.go:1114.2,1114.16 1 1
github.com/ichiban/prolog/engine/builtin.go:1114.16,1116.3 1 1
github.com/ichiban/prolog/engine/builtin.go:1118.2,1118.44 1 1
github.com/ichiban/prolog/engine/builtin.go:1119.15,1120.34 1 1
github.com/ichiban/prolog/engine/builtin.go:1120.34,1122.4 1 1
github.com/ichiban/prolog/engine/builtin.go:1123.3,1123.16 1 1
github.com/ichiban/prolog/engine/builtin.go:1124.16,1126.50 2 1
github.com/ichiban/prolog/engine/builtin.go:1126.50,1128.4 1 1
github.com/ichiban/prolog/engine/builtin.go:1129.3,1129.17 1 1
github.com/ichiban/prolog/engine/builtin.go:1129.17,1130.51 1 1
github.com/ichiban/prolog/engine/builtin.go:1130.51,1132.5 1 1
github.com/ichiban/prolog/engine/builtin.go:1134.3,1134.22 1 1
github.com/ichiban/prolog/engine/builtin.go:1135.10,1136.56 1 1
github.com/ichiban/prolog/engine/builtin.go:1141.65,1144.18 3 1
github.com/ichiban/prolog/engine/builtin.go:1144.18,1146.3 1 1
github.com/ichiban/prolog/engine/builtin.go:1147.2,1147.35 1 1
github.com/ichiban/prolog/engine/builtin.go:1147.35,1149.3 1 1
github.com/ichiban/prolog/engine/builtin.go:1151.2,1152.18 2 1
github.com/ichiban/prolog/engine/builtin.go:1152.19,1153.3 0 1
github.com/ichiban/prolog/engine/builtin.go:1154.2,1154.35 1 1
github.com/ichiban/prolog/engine/builtin.go:1154.35,1156.3 1 1
github.com/ichiban/prolog/engine/builtin.go:1158.2,1158.53 1 1
github.com/ichiban/prolog/engine/builtin.go:1162.69,1165.18 3 1
github.com/ichiban/prolog/engine/builtin.go:1165.18,1166.50 1 1
github.com/ichiban/prolog/engine/builtin.go:1167.17,1168.41 1 1
github.com/ichiban/prolog/engine/builtin.go:1169.17,1170.50 1 1
github.com/ichiban/prolog/engine/builtin.go:1170.50,1172.5 1 1
github.com/ichiban/prolog/engine/builtin.go:1173.4,1173.28 1 1
github.com/ichiban/prolog/engine/builtin.go:1174.11,1175.50 1 1
github.com/ichiban/prolog/engine/builtin.go:1178.2,1178.35 1 1
github.com/ichiban/prolog/engine/builtin.go:1178.35,1180.3 1 1
github.com/ichiban/prolog/engine/builtin.go:1182.2,1182.41 1 1
github.com/ichiban/prolog/engine/builtin.go:1183.16,1184.8 1 1
github.com/ichiban/prolog/engine/builtin.go:1185.10,1187.19 2 1
github.com/ichiban/prolog/engine/builtin.go:1187.19,1188.51 1 1
github.com/ichiban/prolog/engine/builtin.go:1189.18,1190.13 1 1
github.com/ichiban/prolog/engine/builtin.go:1191.18,1192.51 1 1
github.com/ichiban/prolog/engine/builtin.go:1192.51,1194.6 1 1
github.com/ichiban/prolog/engine/builtin.go:1195.12,1196.51 1 1
github.com/ichiban/prolog/engine/builtin.go:1199.3,1199.36 1 1
github.com/ichiban/prolog/engine/builtin.go:1199.36,1201.4 1 1
github.com/ichiban/prolog/engine/builtin.go:1204.2,1204.46 1 1
github.com/ichiban/prolog/engine/builtin.go:1204.46,1206.3 1 1
github.com/ichiban/prolog/engine/builtin.go:1208.2,1208.50 1 1
github.com/ichiban/prolog/engine/builtin.go:1212.57,1213.39 1 1
github.com/ichiban/prolog/engine/builtin.go:1214.16,1215.40 1 1
github.com/ichiban/prolog/engine/builtin.go:1216.10,1217.37 1 1
github.com/ichiban/prolog/engine/builtin.go:1222.76,1223.40 1 1
github.com/ichiban/prolog/engine/builtin.go:1223.40,1225.10 2 1
github.com/ichiban/prolog/engine/builtin.go:1225.10,1227.4 1 1
github.com/ichiban/prolog/engine/builtin.go:1229.3,1230.10 2 1
github.com/ichiban/prolog/engine/builtin.go:1230.10,1232.4 1 1
github.com/ichiban/prolog/engine/builtin.go:1234.3,1234.35 1 1
github.com/ichiban/prolog/engine/builtin.go:1235.40,1237.3 1 1
github.com/ichiban/prolog/engine/builtin.go:1241.67,1242.38 1 1
github.com/ichiban/prolog/engine/builtin.go:1243.16,1244.8 1 1
github.com/ichiban/prolog/engine/builtin.go:1245.16,1246.51 1 1
github.com/ichiban/prolog/engine/builtin.go:1246.51,1248.4 1 1
github.com/ichiban/prolog/engine/builtin.go:1249.3,1249.50 1 1
github.com/ichiban/prolog/engine/builtin.go:1249.50,1251.4 1 1
github.com/ichiban/prolog/engine/builtin.go:1252.3,1252.53 1 1
github.com/ichiban/prolog/engine/builtin.go:1252.53,1254.4 1 1
github.com/ichiban/prolog/engine/builtin.go:1255.10,1256.64 1 1
github.com/ichiban/prolog/engine/builtin.go:1259.2,1260.42 2 1
github.com/ichiban/prolog/engine/builtin.go:1260.42,1261.19 1 1
github.com/ichiban/prolog/engine/builtin.go:1262.21,1264.51 2 1
github.com/ichiban/prolog/engine/builtin.go:1264.51,1266.5 1 1
github.com/ichiban/prolog/engine/builtin.go:1267.11,1268.12 1 1
github.com/ichiban/prolog/engine/builtin.go:1271.2,1271.21 1 1
github.com/ichiban/prolog/engine/builtin.go:1275.57,1280.16 4 1
github.com/ichiban/prolog/engine/builtin.go:1280.16,1282.3 1 1
github.com/ichiban/prolog/engine/builtin.go:1284.2,1285.9 2 1
github.com/ichiban/prolog/engine/builtin.go:1285.9,1287.3 1 1
github.com/ichiban/prolog/engine/builtin.go:1289.2,1290.23 2 1
github.com/ichiban/prolog/engine/builtin.go:1290.23,1292.3 1 1
github.com/ichiban/prolog/engine/builtin.go:1297.2,1302.25 5 1
github.com/ichiban/prolog/engine/builtin.go:1302.25,1310.44 5 1
github.com/ichiban/prolog/engine/builtin.go:1310.44,1311.53 1 1
github.com/ichiban/prolog/engine/builtin.go:1311.53,1312.48 1 1
github.com/ichiban/prolog/engine/builtin.go:1312.48,1314.6 1 0
github.com/ichiban/prolog/engine/builtin.go:1316.5,1318.51 2 1
github.com/ichiban/prolog/engine/builtin.go:1318.51,1320.6 1 1
github.com/ichiban/prolog/engine/builtin.go:1321.5,1321.48 1 1
github.com/ichiban/prolog/engine/builtin.go:1321.48,1323.6 1 0
github.com/ichiban/prolog/engine/builtin.go:1324.5,1324.54 1 1
github.com/ichiban/prolog/engine/builtin.go:1324.54,1326.49 2 1
github.com/ichiban/prolog/engine/builtin.go:1326.49,1327.18 1 0
github.com/ichiban/prolog/engine/builtin.go:1327.18,1329.8 1 0
github.com/ichiban/prolog/engine/builtin.go:1329.13,1331.8 1 0
github.com/ichiban/prolog/engine/builtin.go:1333.6,1333.17 1 1
github.com/ichiban/prolog/engine/builtin.go:1333.17,1350.22 3 1
github.com/ichiban/prolog/engine/builtin.go:1350.22,1354.46 4 1
github.com/ichiban/prolog/engine/builtin.go:1354.46,1355.58 1 1
github.com/ichiban/prolog/engine/builtin.go:1355.58,1359.10 3 0
github.com/ichiban/prolog/engine/builtin.go:1359.15,1362.39 1 1
github.com/ichiban/prolog/engine/builtin.go:1362.39,1366.11 3 1
github.com/ichiban/prolog/engine/builtin.go:1371.7,1371.20 1 1
github.com/ichiban/prolog/engine/builtin.go:1373.6,1373.24 1 1
github.com/ichiban/prolog/engine/builtin.go:1377.5,1377.23 1 0
github.com/ichiban/prolog/engine/builtin.go:1381.2,1381.21 1 1
github.com/ichiban/prolog/engine/builtin.go:1385.58,1386.38 1 1
github.com/ichiban/prolog/engine/builtin.go:1387.16,1388.40 1 1
github.com/ichiban/prolog/engine/builtin.go:1389.16,1390.51 1 1
github.com/ichiban/prolog/engine/builtin.go:1390.51,1392.4 1 1
github.com/ichiban/prolog/engine/builtin.go:1394.3,1396.43 2 1
github.com/ichiban/prolog/engine/builtin.go:1397.17,1398.41 1 1
github.com/ichiban/prolog/engine/builtin.go:1399.13,1400.46 1 1
github.com/ichiban/prolog/engine/builtin.go:1401.18,1402.42 1 1
github.com/ichiban/prolog/engine/builtin.go:1403.17,1404.18 1 1
github.com/ichiban/prolog/engine/builtin.go:1404.18,1406.6 1 1
github.com/ichiban/prolog/engine/builtin.go:1407.5,1410.26 4 1
github.com/ichiban/prolog/engine/builtin.go:1410.26,1412.6 1 1
github.com/ichiban/prolog/engine/builtin.go:1413.5,1414.18 2 1
github.com/ichiban/prolog/engine/builtin.go:1415.12,1416.58 1 1
github.com/ichiban/prolog/engine/builtin.go:1418.11,1419.53 1 1
github.com/ichiban/prolog/engine/builtin.go:1421.10,1422.64 1 1
github.com/ichiban/prolog/engine/builtin.go:1427.67,1428.36 1 1
github.com/ichiban/prolog/engine/builtin.go:1429.25,1430.47 1 1
github.com/ichiban/prolog/engine/builtin.go:1431.10,1432.60 1 1
github.com/ichiban/prolog/engine/builtin.go:1437.68,1438.36 1 1
github.com/ichiban/prolog/engine/builtin.go:1439.25,1440.48 1 1
github.com/ichiban/prolog/engine/builtin.go:1441.10,1442.60 1 1
github.com/ichiban/prolog/engine/builtin.go:1447.70,1449.16 2 1
github.com/ichiban/prolog/engine/builtin.go:1449.16,1451.3 1 1
github.com/ichiban/prolog/engine/builtin.go:1453.2,1453.26 1 1
github.com/ichiban/prolog/engine/builtin.go:1453.26,1455.3 1 1
github.com/ichiban/prolog/engine/builtin.go:1459.2,1460.15 2 1
github.com/ichiban/prolog/engine/builtin.go:1464.71,1466.16 2 1
github.com/ichiban/prolog/engine/builtin.go:1466.16,1468.3 1 1
github.com/ichiban/prolog/engine/builtin.go:1470.2,1470.53 1 1
github.com/ichiban/prolog/engine/builtin.go:1470.53,1472.3 1 1
github.com/ichiban/prolog/engine/builtin.go:1476.2,1477.15 2 1
github.com/ichiban/prolog/engine/builtin.go:1480.68,1481.48 1 1
github.com/ichiban/prolog/engine/builtin.go:1482.16,1483.38 1 1
github.com/ichiban/prolog/engine/builtin.go:1484.12,1486.10 2 1
github.com/ichiban/prolog/engine/builtin.go:1486.10,1488.4 1 1
github.com/ichiban/prolog/engine/builtin.go:1489.3,1489.16 1 1
github.com/ichiban/prolog/engine/builtin.go:1490.15,1491.16 1 1
github.com/ichiban/prolog/engine/builtin.go:1492.10,1493.72 1 1
github.com/ichiban/prolog/engine/builtin.go:1500.86,1502.45 2 1
github.com/ichiban/prolog/engine/builtin.go:1503.16,1504.40 1 1
github.com/ichiban/prolog/engine/builtin.go:1505.12,1506.20 1 1
github.com/ichiban/prolog/engine/builtin.go:1507.10,1508.68 1 1
github.com/ichiban/prolog/engine/builtin.go:1511.2,1512.39 2 1
github.com/ichiban/prolog/engine/builtin.go:1513.16,1514.40 1 1
github.com/ichiban/prolog/engine/builtin.go:1515.12,1522.10 3 1
github.com/ichiban/prolog/engine/builtin.go:1522.10,1524.4 1 1
github.com/ichiban/prolog/engine/builtin.go:1525.10,1526.52 1 1
github.com/ichiban/prolog/engine/builtin.go:1529.2,1529.50 1 1
github.com/ichiban/prolog/engine/builtin.go:1529.50,1531.3 1 1
github.com/ichiban/prolog/engine/builtin.go:1533.2,1534.54 2 1
github.com/ichiban/prolog/engine/builtin.go:1535.18,1536.27 1 1
github.com/ichiban/prolog/engine/builtin.go:1536.27,1539.4 2 1
github.com/ichiban/prolog/engine/builtin.go:1539.9,1541.4 1 1
github.com/ichiban/prolog/engine/builtin.go:1542.3,1542.38 1 1
github.com/ichiban/prolog/engine/builtin.go:1542.38,1544.4 1 1
github.com/ichiban/prolog/engine/builtin.go:1545.26,1546.70 1 1
github.com/ichiban/prolog/engine/builtin.go:1547.28,1548.90 1 1
github.com/ichiban/prolog/engine/builtin.go:1549.10,1550.20 1 1
github.com/ichiban/prolog/engine/builtin.go:1553.2,1554.18 2 1
github.com/ichiban/prolog/engine/builtin.go:1554.18,1555.73 1 1
github.com/ichiban/prolog/engine/builtin.go:1555.73,1557.4 1 1
github.com/ichiban/prolog/engine/builtin.go:1559.2,1559.35 1 1
github.com/ichiban/prolog/engine/builtin.go:1559.35,1561.3 1 1
github.com/ichiban/prolog/engine/builtin.go:1563.2,1563.38 1 1
github.com/ichiban/prolog/engine/builtin.go:1566.73,1567.41 1 1
github.com/ichiban/prolog/engine/builtin.go:1568.16,1569.33 1 1
github.com/ichiban/prolog/engine/builtin.go:1570.16,1571.21 1 1
github.com/ichiban/prolog/engine/builtin.go:1571.21,1572.9 1 1
github.com/ichiban/prolog/engine/builtin.go:1575.3,1575.22 1 1
github.com/ichiban/prolog/engine/builtin.go:1576.18,1577.49 1 1
github.com/ichiban/prolog/engine/builtin.go:1578.17,1579.48 1 1
github.com/ichiban/prolog/engine/builtin.go:1580.23,1581.54 1 1
github.com/ichiban/prolog/engine/builtin.go:1582.22,1583.53 1 1
github.com/ichiban/prolog/engine/builtin.go:1586.2,1586.58 1 1
github.com/ichiban/prolog/engine/builtin.go:1589.77,1590.43 1 1
github.com/ichiban/prolog/engine/builtin.go:1591.16,1592.33 1 1
github.com/ichiban/prolog/engine/builtin.go:1593.12,1594.40 1 1
github.com/ichiban/prolog/engine/builtin.go:1594.40,1596.4 1 1
github.com/ichiban/prolog/engine/builtin.go:1597.3,1599.13 3 1
github.com/ichiban/prolog/engine/builtin.go:1600.10,1601.54 1 1
github.com/ichiban/prolog/engine/builtin.go:1605.75,1606.43 1 1
github.com/ichiban/prolog/engine/builtin.go:1607.16,1608.33 1 1
github.com/ichiban/prolog/engine/builtin.go:1609.12,1610.12 1 1
github.com/ichiban/prolog/engine/builtin.go:1611.17,1613.14 2 1
github.com/ichiban/prolog/engine/builtin.go:1614.19,1616.14 2 1
github.com/ichiban/prolog/engine/builtin.go:1619.2,1619.53 1 1
github.com/ichiban/prolog/engine/builtin.go:1622.81,1623.43 1 1
github.com/ichiban/prolog/engine/builtin.go:1624.16,1625.33 1 1
github.com/ichiban/prolog/engine/builtin.go:1626.12,1627.12 1 1
github.com/ichiban/prolog/engine/builtin.go:1628.17,1630.14 2 1
github.com/ichiban/prolog/engine/builtin.go:1631.18,1633.14 2 1
github.com/ichiban/prolog/engine/builtin.go:1636.2,1636.53 1 1
github.com/ichiban/prolog/engine/builtin.go:1639.80,1640.43 1 1
github.com/ichiban/prolog/engine/builtin.go:1641.16,1642.33 1 1
github.com/ichiban/prolog/engine/builtin.go:1643.12,1644.12 1 1
github.com/ichiban/prolog/engine/builtin.go:1645.18,1647.14 2 1
github.com/ichiban/prolog/engine/builtin.go:1648.20,1650.14 2 1
github.com/ichiban/prolog/engine/builtin.go:1651.18,1653.14 2 1
github.com/ichiban/prolog/engine/builtin.go:1656.2,1656.53 1 1
github.com/ichiban/prolog/engine/builtin.go:1660.76,1662.16 2 1
github.com/ichiban/prolog/engine/builtin.go:1662.16,1664.3 1 1
github.com/ichiban/prolog/engine/builtin.go:1666.2,1668.18 3 1
github.com/ichiban/prolog/engine/builtin.go:1668.18,1669.55 1 1
github.com/ichiban/prolog/engine/builtin.go:1670.17,1671.41 1 1
github.com/ichiban/prolog/engine/builtin.go:1672.17,1673.28 1 1
github.com/ichiban/prolog/engine/builtin.go:1674.19,1675.28 1 1
github.com/ichiban/prolog/engine/builtin.go:1675.28,1677.6 1 1
github.com/ichiban/prolog/engine/builtin.go:1679.5,1679.51 1 1
github.com/ichiban/prolog/engine/builtin.go:1680.15,1681.15 1 1
github.com/ichiban/prolog/engine/builtin.go:1682.21,1683.20 1 1
github.com/ichiban/prolog/engine/builtin.go:1684.20,1685.19 1 1
github.com/ichiban/prolog/engine/builtin.go:1686.14,1687.70 1 1
github.com/ichiban/prolog/engine/builtin.go:1689.13,1690.69 1 1
github.com/ichiban/prolog/engine/builtin.go:1693.11,1694.67 1 1
github.com/ichiban/prolog/engine/builtin.go:1697.2,1697.35 1 1
github.com/ichiban/prolog/engine/builtin.go:1697.35,1699.3 1 1
github.com/ichiban/prolog/engine/builtin.go:1701.2,1701.44 1 1
github.com/ichiban/prolog/engine/builtin.go:1701.44,1703.3 1 1
github.com/ichiban/prolog/engine/builtin.go:1705.2,1705.15 1 1
github.com/ichiban/prolog/engine/builtin.go:1709.73,1711.16 2 1
github.com/ichiban/prolog/engine/builtin.go:1711.16,1713.3 1 1
github.com/ichiban/prolog/engine/builtin.go:1715.2,1715.31 1 1
github.com/ichiban/prolog/engine/builtin.go:1716.11,1717.16 1 1
github.com/ichiban/prolog/engine/builtin.go:1718.22,1719.91 1 1
github.com/ichiban/prolog/engine/builtin.go:1720.10,1721.20 1 1
github.com/ichiban/prolog/engine/builtin.go:1726.83,1728.16 2 1
github.com/ichiban/prolog/engine/builtin.go:1728.16,1730.3 1 1
github.com/ichiban/prolog/engine/builtin.go:1732.2,1739.18 3 1
github.com/ichiban/prolog/engine/builtin.go:1739.18,1740.69 1 1
github.com/ichiban/prolog/engine/builtin.go:1740.69,1742.4 1 1
github.com/ichiban/prolog/engine/builtin.go:1744.2,1744.35 1 1
github.com/ichiban/prolog/engine/builtin.go:1744.35,1746.3 1 1
github.com/ichiban/prolog/engine/builtin.go:1748.2,1749.9 2 1
github.com/ichiban/prolog/engine/builtin.go:1750.38,1751.91 1 1
github.com/ichiban/prolog/engine/builtin.go:1752.42,1753.97 1 1
github.com/ichiban/prolog/engine/builtin.go:1754.18,1755.20 1 0
github.com/ichiban/prolog/engine/builtin.go:1758.2,1758.64 1 1
github.com/ichiban/prolog/engine/builtin.go:1758.64,1760.3 1 1
github.com/ichiban/prolog/engine/builtin.go:1762.2,1762.15 1 1
github.com/ichiban/prolog/engine/builtin.go:1765.71,1766.41 1 1
github.com/ichiban/prolog/engine/builtin.go:1767.16,1768.33 1 1
github.com/ichiban/prolog/engine/builtin.go:1769.16,1770.21 1 1
github.com/ichiban/prolog/engine/builtin.go:1770.21,1772.4 1 1
github.com/ichiban/prolog/engine/builtin.go:1774.3,1774.22 1 1
github.com/ichiban/prolog/engine/builtin.go:1775.19,1778.14 3 1
github.com/ichiban/prolog/engine/builtin.go:1779.22,1782.14 3 1
github.com/ichiban/prolog/engine/builtin.go:1783.23,1786.14 3 1
github.com/ichiban/prolog/engine/builtin.go:1787.26,1790.14 3 1
github.com/ichiban/prolog/engine/builtin.go:1791.21,1794.14 3 1
github.com/ichiban/prolog/engine/builtin.go:1797.2,1797.57 1 1
github.com/ichiban/prolog/engine/builtin.go:1800.62,1801.43 1 1
github.com/ichiban/prolog/engine/builtin.go:1802.16,1803.40 1 1
github.com/ichiban/prolog/engine/builtin.go:1804.12,1805.12 1 1
github.com/ichiban/prolog/engine/builtin.go:1806.17,1807.20 1 1
github.com/ichiban/prolog/engine/builtin.go:1808.18,1809.21 1 1
github.com/ichiban/prolog/engine/builtin.go:1812.2,1812.59 1 1
github.com/ichiban/prolog/engine/builtin.go:1815.89,1818.18 3 1
github.com/ichiban/prolog/engine/builtin.go:1818.18,1820.53 2 1
github.com/ichiban/prolog/engine/builtin.go:1821.17,1822.39 1 1
github.com/ichiban/prolog/engine/builtin.go:1823.17,1824.56 1 1
github.com/ichiban/prolog/engine/builtin.go:1824.56,1826.5 1 1
github.com/ichiban/prolog/engine/builtin.go:1827.4,1827.13 1 1
github.com/ichiban/prolog/engine/builtin.go:1828.11,1829.64 1 1
github.com/ichiban/prolog/engine/builtin.go:1832.3,1833.47 2 1
github.com/ichiban/prolog/engine/builtin.go:1834.17,1835.39 1 1
github.com/ichiban/prolog/engine/builtin.go:1836.13,1837.11 1 1
github.com/ichiban/prolog/engine/builtin.go:1838.11,1839.64 1 1
github.com/ichiban/prolog/engine/builtin.go:1842.3,1843.47 2 1
github.com/ichiban/prolog/engine/builtin.go:1844.17,1845.11 1 1
github.com/ichiban/prolog/engine/builtin.go:1846.11,1847.12 1 1
github.com/ichiban/prolog/engine/builtin.go:1850.3,1850.26 1 1
github.com/ichiban/prolog/engine/builtin.go:1850.26,1851.12 1 1
github.com/ichiban/prolog/engine/builtin.go:1853.3,1853.13 1 1
github.com/ichiban/prolog/engine/builtin.go:1856.2,1856.35 1 1
github.com/ichiban/prolog/engine/builtin.go:1857.16,1858.38 1 1
github.com/ichiban/prolog/engine/builtin.go:1859.12,1860.25 1 1
github.com/ichiban/prolog/engine/builtin.go:1860.25,1862.4 1 1
github.com/ichiban/prolog/engine/builtin.go:1863.3,1863.18 1 1
github.com/ichiban/prolog/engine/builtin.go:1864.10,1865.63 1 1
github.com/ichiban/prolog/engine/builtin.go:1869.68,1870.43 1 1
github.com/ichiban/prolog/engine/builtin.go:1871.16,1872.36 1 1
github.com/ichiban/prolog/engine/builtin.go:1873.15,1874.16 1 1
github.com/ichiban/prolog/engine/builtin.go:1876.2,1876.55 1 1
github.com/ichiban/prolog/engine/builtin.go:1880.67,1881.40 1 1
github.com/ichiban/prolog/engine/builtin.go:1882.16,1883.41 1 1
github.com/ichiban/prolog/engine/builtin.go:1884.17,1885.41 1 1
github.com/ichiban/prolog/engine/builtin.go:1886.16,1889.26 2 1
github.com/ichiban/prolog/engine/builtin.go:1889.26,1891.5 1 1
github.com/ichiban/prolog/engine/builtin.go:1893.4,1893.41 1 1
github.com/ichiban/prolog/engine/builtin.go:1894.11,1895.56 1 1
github.com/ichiban/prolog/engine/builtin.go:1897.12,1898.43 1 1
github.com/ichiban/prolog/engine/builtin.go:1899.26,1900.9 1 1
github.com/ichiban/prolog/engine/builtin.go:1901.11,1902.56 1 1
github.com/ichiban/prolog/engine/builtin.go:1905.3,1906.19 2 1
github.com/ichiban/prolog/engine/builtin.go:1906.19,1908.4 1 1
github.com/ichiban/prolog/engine/builtin.go:1910.3,1910.49 1 1
github.com/ichiban/prolog/engine/builtin.go:1911.10,1912.55 1 1
github.com/ichiban/prolog/engine/builtin.go:1917.74,1919.16 2 1
github.com/ichiban/prolog/engine/builtin.go:1919.16,1921.3 1 1
github.com/ichiban/prolog/engine/builtin.go:1923.2,1923.38 1 1
github.com/ichiban/prolog/engine/builtin.go:1924.16,1925.40 1 1
github.com/ichiban/prolog/engine/builtin.go:1926.15,1927.23 1 1
github.com/ichiban/prolog/engine/builtin.go:1927.23,1929.4 1 1
github.com/ichiban/prolog/engine/builtin.go:1931.3,1931.39 1 1
github.com/ichiban/prolog/engine/builtin.go:1932.39,1933.92 1 1
github.com/ichiban/prolog/engine/builtin.go:1934.43,1935.96 1 1
github.com/ichiban/prolog/engine/builtin.go:1936.19,1937.21 1 1
github.com/ichiban/prolog/engine/builtin.go:1940.3,1940.16 1 1
github.com/ichiban/prolog/engine/builtin.go:1941.10,1942.51 1 1
github.com/ichiban/prolog/engine/builtin.go:1947.75,1949.16 2 1
github.com/ichiban/prolog/engine/builtin.go:1949.16,1951.3 1 1
github.com/ichiban/prolog/engine/builtin.go:1953.2,1953.39 1 1
github.com/ichiban/prolog/engine/builtin.go:1954.16,1955.40 1 1
github.com/ichiban/prolog/engine/builtin.go:1956.12,1957.23 1 1
github.com/ichiban/prolog/engine/builtin.go:1957.23,1959.4 1 1
github.com/ichiban/prolog/engine/builtin.go:1961.3,1963.36 2 1
github.com/ichiban/prolog/engine/builtin.go:1964.39,1965.92 1 1
github.com/ichiban/prolog/engine/builtin.go:1966.43,1967.98 1 1
github.com/ichiban/prolog/engine/builtin.go:1968.19,1969.21 1 1
github.com/ichiban/prolog/engine/builtin.go:1972.3,1972.16 1 1
github.com/ichiban/prolog/engine/builtin.go:1973.10,1974.57 1 1
github.com/ichiban/prolog/engine/builtin.go:1985.84,1987.16 2 1
github.com/ichiban/prolog/engine/builtin.go:1987.16,1989.3 1 1
github.com/ichiban/prolog/engine/builtin.go:1991.2,1997.18 3 1
github.com/ichiban/prolog/engine/builtin.go:1997.18,1998.68 1 1
github.com/ichiban/prolog/engine/builtin.go:1998.68,2000.4 1 1
github.com/ichiban/prolog/engine/builtin.go:2002.2,2002.35 1 1
github.com/ichiban/prolog/engine/builtin.go:2002.35,2004.3 1 1
github.com/ichiban/prolog/engine/builtin.go:2006.2,2007.15 2 1
github.com/ichiban/prolog/engine/builtin.go:2007.15,2009.3 1 1
github.com/ichiban/prolog/engine/builtin.go:2011.2,2012.13 2 1
github.com/ichiban/prolog/engine/builtin.go:2013.11,2014.8 1 1
github.com/ichiban/prolog/engine/builtin.go:2015.14,2016.47 1 1
github.com/ichiban/prolog/engine/builtin.go:2017.22,2018.90 1 1
github.com/ichiban/prolog/engine/builtin.go:2019.26,2020.96 1 1
github.com/ichiban/prolog/engine/builtin.go:2021.26,2022.99 1 1
github.com/ichiban/prolog/engine/builtin.go:2023.10,2024.38 1 1
github.com/ichiban/prolog/engine/builtin.go:2027.2,2028.27 2 1
github.com/ichiban/prolog/engine/builtin.go:2028.27,2029.19 1 1
github.com/ichiban/prolog/engine/builtin.go:2029.19,2031.4 1 1
github.com/ichiban/prolog/engine/builtin.go:2032.3,2033.77 2 1
github.com/ichiban/prolog/engine/builtin.go:2036.2,2046.12 1 1
github.com/ichiban/prolog/engine/builtin.go:2049.73,2050.46 1 1
github.com/ichiban/prolog/engine/builtin.go:2051.16,2052.33 1 1
github.com/ichiban/prolog/engine/builtin.go:2053.16,2054.26 1 1
github.com/ichiban/prolog/engine/builtin.go:2054.26,2056.4 1 1
github.com/ichiban/prolog/engine/builtin.go:2058.3,2059.27 2 1
github.com/ichiban/prolog/engine/builtin.go:2060.23,2061.23 1 1
github.com/ichiban/prolog/engine/builtin.go:2062.22,2063.22 1 1
github.com/ichiban/prolog/engine/builtin.go:2064.26,2065.26 1 1
github.com/ichiban/prolog/engine/builtin.go:2066.11,2067.58 1 1
github.com/ichiban/prolog/engine/builtin.go:2069.3,2069.13 1 1
github.com/ichiban/prolog/engine/builtin.go:2070.10,2071.57 1 1
github.com/ichiban/prolog/engine/builtin.go:2076.77,2078.16 2 1
github.com/ichiban/prolog/engine/builtin.go:2078.16,2080.3 1 1
github.com/ichiban/prolog/engine/builtin.go:2082.2,2082.41 1 1
github.com/ichiban/prolog/engine/builtin.go:2083.16,2084.8 1 1
github.com/ichiban/prolog/engine/builtin.go:2085.15,2086.23 1 1
github.com/ichiban/prolog/engine/builtin.go:2086.23,2088.4 1 1
github.com/ichiban/prolog/engine/builtin.go:2089.10,2090.56 1 1
github.com/ichiban/prolog/engine/builtin.go:2093.2,2093.37 1 1
github.com/ichiban/prolog/engine/builtin.go:2094.11,2095.47 1 1
github.com/ichiban/prolog/engine/builtin.go:2096.14,2097.48 1 1
github.com/ichiban/prolog/engine/builtin.go:2098.22,2099.90 1 1
github.com/ichiban/prolog/engine/builtin.go:2100.26,2101.94 1 1
github.com/ichiban/prolog/engine/builtin.go:2102.26,2103.99 1 1
github.com/ichiban/prolog/engine/builtin.go:2104.10,2105.20 1 1
github.com/ichiban/prolog/engine/builtin.go:2110.75,2112.16 2 1
github.com/ichiban/prolog/engine/builtin.go:2112.16,2114.3 1 1
github.com/ichiban/prolog/engine/builtin.go:2116.2,2116.39 1 1
github.com/ichiban/prolog/engine/builtin.go:2117.16,2118.8 1 1
github.com/ichiban/prolog/engine/builtin.go:2119.12,2120.35 1 1
github.com/ichiban/prolog/engine/builtin.go:2120.35,2122.4 1 1
github.com/ichiban/prolog/engine/builtin.go:2123.10,2124.59 1 1
github.com/ichiban/prolog/engine/builtin.go:2127.2,2127.40 1 1
github.com/ichiban/prolog/engine/builtin.go:2128.11,2129.26 1 1
github.com/ichiban/prolog/engine/builtin.go:2129.26,2131.4 1 1
github.com/ichiban/prolog/engine/builtin.go:2133.3,2133.42 1 1
github.com/ichiban/prolog/engine/builtin.go:2134.14,2135.48 1 1
github.com/ichiban/prolog/engine/builtin.go:2136.22,2137.90 1 1
github.com/ichiban/prolog/engine/builtin.go:2138.26,2139.96 1 1
github.com/ichiban/prolog/engine/builtin.go:2140.26,2141.99 1 1
github.com/ichiban/prolog/engine/builtin.go:2142.10,2143.20 1 1
github.com/ichiban/prolog/engine/builtin.go:2148.78,2150.16 2 1
github.com/ichiban/prolog/engine/builtin.go:2150.16,2152.3 1 1
github.com/ichiban/prolog/engine/builtin.go:2154.2,2154.41 1 1
github.com/ichiban/prolog/engine/builtin.go:2155.16,2156.8 1 1
github.com/ichiban/prolog/engine/builtin.go:2157.15,2158.23 1 1
github.com/ichiban/prolog/engine/builtin.go:2158.23,2160.4 1 1
github.com/ichiban/prolog/engine/builtin.go:2161.10,2162.56 1 1
github.com/ichiban/prolog/engine/builtin.go:2165.2,2166.15 2 1
github.com/ichiban/prolog/engine/builtin.go:2166.15,2168.3 1 1
github.com/ichiban/prolog/engine/builtin.go:2169.2,2169.13 1 1
github.com/ichiban/prolog/engine/builtin.go:2170.11,2171.47 1 1
github.com/ichiban/prolog/engine/builtin.go:2172.14,2173.48 1 1
github.com/ichiban/prolog/engine/builtin.go:2174.22,2175.90 1 1
github.com/ichiban/prolog/engine/builtin.go:2176.26,2177.94 1 1
github.com/ichiban/prolog/engine/builtin.go:2178.26,2179.99 1 1
github.com/ichiban/prolog/engine/builtin.go:2180.10,2181.20 1 1
github.com/ichiban/prolog/engine/builtin.go:2186.76,2188.16 2 1
github.com/ichiban/prolog/engine/builtin.go:2188.16,2190.3 1 1
github.com/ichiban/prolog/engine/builtin.go:2192.2,2192.39 1 1
github.com/ichiban/prolog/engine/builtin.go:2193.16,2194.8 1 1
github.com/ichiban/prolog/engine/builtin.go:2195.12,2196.35 1 1
github.com/ichiban/prolog/engine/builtin.go:2196.35,2198.4 1 1
github.com/ichiban/prolog/engine/builtin.go:2199.10,2200.59 1 1
github.com/ichiban/prolog/engine/builtin.go:2203.2,2204.15 2 1
github.com/ichiban/prolog/engine/builtin.go:2204.15,2206.3 1 1
github.com/ichiban/prolog/engine/builtin.go:2207.2,2207.13 1 1
github.com/ichiban/prolog/engine/builtin.go:2208.11,2209.35 1 1
github.com/ichiban/prolog/engine/builtin.go:2209.35,2211.4 1 1
github.com/ichiban/prolog/engine/builtin.go:2213.3,2213.42 1 1
github.com/ichiban/prolog/engine/builtin.go:2214.14,2215.48 1 1
github.com/ichiban/prolog/engine/builtin.go:2216.22,2217.90 1 1
github.com/ichiban/prolog/engine/builtin.go:2218.26,2219.96 1 1
github.com/ichiban/prolog/engine/builtin.go:2220.26,2221.99 1 1
github.com/ichiban/prolog/engine/builtin.go:2222.10,2223.20 1 1
github.com/ichiban/prolog/engine/builtin.go:2229.29,2237.2 4 0
github.com/ichiban/prolog/engine/builtin.go:2240.53,2241.39 1 1
github.com/ichiban/prolog/engine/builtin.go:2242.16,2243.40 1 1
github.com/ichiban/prolog/engine/builtin.go:2244.15,2251.16 3 1
github.com/ichiban/prolog/engine/builtin.go:2252.10,2253.52 1 1
github.com/ichiban/prolog/engine/builtin.go:2258.65,2260.16 2 1
github.com/ichiban/prolog/engine/builtin.go:2260.16,2262.3 1 1
github.com/ichiban/prolog/engine/builtin.go:2264.2,2264.34 1 1
github.com/ichiban/prolog/engine/builtin.go:2265.32,2266.8 1 1
github.com/ichiban/prolog/engine/builtin.go:2267.10,2268.56 1 1
github.com/ichiban/prolog/engine/builtin.go:2271.2,2272.9 2 1
github.com/ichiban/prolog/engine/builtin.go:2272.9,2274.3 1 1
github.com/ichiban/prolog/engine/builtin.go:2276.2,2277.22 2 1
github.com/ichiban/prolog/engine/builtin.go:2277.22,2279.3 1 1
github.com/ichiban/prolog/engine/builtin.go:2281.2,2283.20 3 1
github.com/ichiban/prolog/engine/builtin.go:2283.20,2284.45 1 1
github.com/ichiban/prolog/engine/builtin.go:2284.45,2285.12 1 0
github.com/ichiban/prolog/engine/builtin.go:2287.3,2289.17 3 1
github.com/ichiban/prolog/engine/builtin.go:2289.17,2291.4 1 1
github.com/ichiban/prolog/engine/builtin.go:2292.3,2293.50 2 1
github.com/ichiban/prolog/engine/builtin.go:2293.50,2295.4 1 1
github.com/ichiban/prolog/engine/builtin.go:2297.2,2297.21 1 1
github.com/ichiban/prolog/engine/builtin.go:2300.36,2302.74 2 1
github.com/ichiban/prolog/engine/builtin.go:2302.74,2304.3 1 1
github.com/ichiban/prolog/engine/builtin.go:2305.2,2305.34 1 1
github.com/ichiban/prolog/engine/builtin.go:2309.71,2311.42 2 1
github.com/ichiban/prolog/engine/builtin.go:2312.16,2313.40 1 1
github.com/ichiban/prolog/engine/builtin.go:2314.12,2315.11 1 1
github.com/ichiban/prolog/engine/builtin.go:2316.10,2317.52 1 1
github.com/ichiban/prolog/engine/builtin.go:2320.2,2320.41 1 1
github.com/ichiban/prolog/engine/builtin.go:2321.16,2322.8 1 1
github.com/ichiban/prolog/engine/builtin.go:2323.15,2324.12 1 1
github.com/ichiban/prolog/engine/builtin.go:2324.12,2326.4 1 1
github.com/ichiban/prolog/engine/builtin.go:2327.10,2328.57 1 1
github.com/ichiban/prolog/engine/builtin.go:2331.2,2331.68 1 1
github.com/ichiban/prolog/engine/builtin.go:2335.78,2336.41 1 1
github.com/ichiban/prolog/engine/builtin.go:2337.16,2338.42 1 1
github.com/ichiban/prolog/engine/builtin.go:2339.17,2340.41 1 1
github.com/ichiban/prolog/engine/builtin.go:2341.13,2342.43 1 1
github.com/ichiban/prolog/engine/builtin.go:2343.18,2344.42 1 1
github.com/ichiban/prolog/engine/builtin.go:2345.14,2346.49 1 1
github.com/ichiban/prolog/engine/builtin.go:2346.49,2348.6 1 1
github.com/ichiban/prolog/engine/builtin.go:2349.12,2350.55 1 1
github.com/ichiban/prolog/engine/builtin.go:2352.11,2353.54 1 1
github.com/ichiban/prolog/engine/builtin.go:2355.12,2356.36 1 1
github.com/ichiban/prolog/engine/builtin.go:2357.23,2358.9 1 1
github.com/ichiban/prolog/engine/builtin.go:2359.11,2360.54 1 1
github.com/ichiban/prolog/engine/builtin.go:2363.3,2363.36 1 1
github.com/ichiban/prolog/engine/builtin.go:2364.23,2365.9 1 1
github.com/ichiban/prolog/engine/builtin.go:2366.11,2367.54 1 1
github.com/ichiban/prolog/engine/builtin.go:2370.3,2373.20 4 1
github.com/ichiban/prolog/engine/builtin.go:2373.20,2375.51 2 1
github.com/ichiban/prolog/engine/builtin.go:2375.51,2377.5 1 1
github.com/ichiban/prolog/engine/builtin.go:2379.3,2379.50 1 1
github.com/ichiban/prolog/engine/builtin.go:2379.50,2381.4 1 1
github.com/ichiban/prolog/engine/builtin.go:2382.3,2382.22 1 1
github.com/ichiban/prolog/engine/builtin.go:2383.10,2384.53 1 1
github.com/ichiban/prolog/engine/builtin.go:2389.92,2390.43 1 1
github.com/ichiban/prolog/engine/builtin.go:2391.16,2392.40 1 1
github.com/ichiban/prolog/engine/builtin.go:2393.12,2396.59 2 1
github.com/ichiban/prolog/engine/builtin.go:2396.59,2398.4 1 1
github.com/ichiban/prolog/engine/builtin.go:2400.3,2400.59 1 1
github.com/ichiban/prolog/engine/builtin.go:2400.59,2402.4 1 1
github.com/ichiban/prolog/engine/builtin.go:2404.3,2404.58 1 1
github.com/ichiban/prolog/engine/builtin.go:2404.58,2406.4 1 1
github.com/ichiban/prolog/engine/builtin.go:2408.3,2408.38 1 1
github.com/ichiban/prolog/engine/builtin.go:2409.23,2410.9 1 1
github.com/ichiban/prolog/engine/builtin.go:2411.11,2412.56 1 1
github.com/ichiban/prolog/engine/builtin.go:2415.3,2417.33 3 1
github.com/ichiban/prolog/engine/builtin.go:2417.33,2418.34 1 1
github.com/ichiban/prolog/engine/builtin.go:2418.34,2420.52 2 1
github.com/ichiban/prolog/engine/builtin.go:2420.52,2422.6 1 1
github.com/ichiban/prolog/engine/builtin.go:2425.3,2425.22 1 1
github.com/ichiban/prolog/engine/builtin.go:2426.10,2427.52 1 1
github.com/ichiban/prolog/engine/builtin.go:2431.51,2432.36 1 1
github.com/ichiban/prolog/engine/builtin.go:2433.16,2434.13 1 1
github.com/ichiban/prolog/engine/builtin.go:2435.15,2436.12 1 1
github.com/ichiban/prolog/engine/builtin.go:2436.12,2438.4 1 1
github.com/ichiban/prolog/engine/builtin.go:2439.3,2439.13 1 1
github.com/ichiban/prolog/engine/builtin.go:2440.10,2441.45 1 1
github.com/ichiban/prolog/engine/builtin.go:2447.69,2448.39 1 1
github.com/ichiban/prolog/engine/builtin.go:2449.16,2452.19 3 1
github.com/ichiban/prolog/engine/builtin.go:2452.19,2453.51 1 1
github.com/ichiban/prolog/engine/builtin.go:2454.18,2455.42 1 1
github.com/ichiban/prolog/engine/builtin.go:2456.14,2457.37 1 1
github.com/ichiban/prolog/engine/builtin.go:2457.37,2459.6 1 1
github.com/ichiban/prolog/engine/builtin.go:2460.5,2460.38 1 1
github.com/ichiban/prolog/engine/builtin.go:2461.12,2462.56 1 1
github.com/ichiban/prolog/engine/builtin.go:2465.3,2465.36 1 1
github.com/ichiban/prolog/engine/builtin.go:2465.36,2467.4 1 1
github.com/ichiban/prolog/engine/builtin.go:2468.3,2468.55 1 1
github.com/ichiban/prolog/engine/builtin.go:2469.12,2471.19 2 1
github.com/ichiban/prolog/engine/builtin.go:2471.19,2472.51 1 1
github.com/ichiban/prolog/engine/builtin.go:2473.18,2474.10 1 1
github.com/ichiban/prolog/engine/builtin.go:2475.14,2476.37 1 1
github.com/ichiban/prolog/engine/builtin.go:2476.37,2478.6 1 1
github.com/ichiban/prolog/engine/builtin.go:2479.12,2480.56 1 1
github.com/ichiban/prolog/engine/builtin.go:2483.3,2483.36 1 1
github.com/ichiban/prolog/engine/builtin.go:2483.36,2485.4 1 1
github.com/ichiban/prolog/engine/builtin.go:2487.3,2488.14 2 1
github.com/ichiban/prolog/engine/builtin.go:2488.14,2490.4 1 1
github.com/ichiban/prolog/engine/builtin.go:2491.3,2491.47 1 1
github.com/ichiban/prolog/engine/builtin.go:2492.10,2493.49 1 1
github.com/ichiban/prolog/engine/builtin.go:2499.69,2500.39 1 1
github.com/ichiban/prolog/engine/builtin.go:2501.16,2504.19 3 1
github.com/ichiban/prolog/engine/builtin.go:2504.19,2505.51 1 1
github.com/ichiban/prolog/engine/builtin.go:2506.18,2507.42 1 1
github.com/ichiban/prolog/engine/builtin.go:2508.17,2509.37 1 1
github.com/ichiban/prolog/engine/builtin.go:2509.37,2511.6 1 1
github.com/ichiban/prolog/engine/builtin.go:2512.5,2512.33 1 1
github.com/ichiban/prolog/engine/builtin.go:2513.12,2514.54 1 1
github.com/ichiban/prolog/engine/builtin.go:2517.3,2517.36 1 1
github.com/ichiban/prolog/engine/builtin.go:2517.36,2519.4 1 1
github.com/ichiban/prolog/engine/builtin.go:2520.3,2520.55 1 1
github.com/ichiban/prolog/engine/builtin.go:2521.12,2523.19 2 1
github.com/ichiban/prolog/engine/builtin.go:2523.19,2524.51 1 1
github.com/ichiban/prolog/engine/builtin.go:2525.18,2526.10 1 1
github.com/ichiban/prolog/engine/builtin.go:2527.17,2528.37 1 1
github.com/ichiban/prolog/engine/builtin.go:2528.37,2530.6 1 1
github.com/ichiban/prolog/engine/builtin.go:2531.12,2532.54 1 1
github.com/ichiban/prolog/engine/builtin.go:2535.3,2535.36 1 1
github.com/ichiban/prolog/engine/builtin.go:2535.36,2537.4 1 1
github.com/ichiban/prolog/engine/builtin.go:2539.3,2540.14 2 1
github.com/ichiban/prolog/engine/builtin.go:2540.14,2542.4 1 1
github.com/ichiban/prolog/engine/builtin.go:2543.3,2543.47 1 1
github.com/ichiban/prolog/engine/builtin.go:2544.10,2545.52 1 1
github.com/ichiban/prolog/engine/builtin.go:2551.70,2554.18 3 1
github.com/ichiban/prolog/engine/builtin.go:2554.18,2555.50 1 1
github.com/ichiban/prolog/engine/builtin.go:2556.17,2557.51 1 1
github.com/ichiban/prolog/engine/builtin.go:2558.13,2560.27 2 1
github.com/ichiban/prolog/engine/builtin.go:2560.27,2562.5 1 1
github.com/ichiban/prolog/engine/builtin.go:2563.4,2563.28 1 1
github.com/ichiban/prolog/engine/builtin.go:2564.11,2565.55 1 1
github.com/ichiban/prolog/engine/builtin.go:2568.2,2568.35 1 1
github.com/ichiban/prolog/engine/builtin.go:2568.35,2570.3 1 1
github.com/ichiban/prolog/engine/builtin.go:2571.2,2571.43 1 1
github.com/ichiban/prolog/engine/builtin.go:2571.43,2573.3 1 1
github.com/ichiban/prolog/engine/builtin.go:2575.2,2581.16 3 1
github.com/ichiban/prolog/engine/builtin.go:2581.16,2583.3 1 1
github.com/ichiban/prolog/engine/builtin.go:2585.2,2585.38 1 1
github.com/ichiban/prolog/engine/builtin.go:2586.24,2587.33 1 1
github.com/ichiban/prolog/engine/builtin.go:2588.10,2589.51 1 1
github.com/ichiban/prolog/engine/builtin.go:2593.75,2595.40 2 1
github.com/ichiban/prolog/engine/builtin.go:2596.16,2597.40 1 1
github.com/ichiban/prolog/engine/builtin.go:2598.14,2599.10 1 1
github.com/ichiban/prolog/engine/builtin.go:2600.10,2601.53 1 1
github.com/ichiban/prolog/engine/builtin.go:2604.2,2605.18 2 1
github.com/ichiban/prolog/engine/builtin.go:2605.18,2606.50 1 1
github.com/ichiban/prolog/engine/builtin.go:2607.17,2608.9 1 1
github.com/ichiban/prolog/engine/builtin.go:2609.13,2610.28 1 1
github.com/ichiban/prolog/engine/builtin.go:2610.28,2612.5 1 1
github.com/ichiban/prolog/engine/builtin.go:2613.11,2614.55 1 1
github.com/ichiban/prolog/engine/builtin.go:2617.2,2617.35 1 1
github.com/ichiban/prolog/engine/builtin.go:2617.35,2619.3 1 1
github.com/ichiban/prolog/engine/builtin.go:2621.2,2626.23 5 1
github.com/ichiban/prolog/engine/builtin.go:2626.23,2628.3 1 1
github.com/ichiban/prolog/engine/builtin.go:2629.2,2629.46 1 1
github.com/ichiban/prolog/engine/builtin.go:2634.70,2637.18 3 1
github.com/ichiban/prolog/engine/builtin.go:2637.18,2638.50 1 1
github.com/ichiban/prolog/engine/builtin.go:2639.17,2640.51 1 1
github.com/ichiban/prolog/engine/builtin.go:2641.16,2642.32 1 1
github.com/ichiban/prolog/engine/builtin.go:2642.32,2644.5 1 1
github.com/ichiban/prolog/engine/builtin.go:2645.4,2645.32 1 1
github.com/ichiban/prolog/engine/builtin.go:2646.11,2647.53 1 1
github.com/ichiban/prolog/engine/builtin.go:2650.2,2650.35 1 1
github.com/ichiban/prolog/engine/builtin.go:2650.35,2652.3 1 1
github.com/ichiban/prolog/engine/builtin.go:2653.2,2653.43 1 1
github.com/ichiban/prolog/engine/builtin.go:2653.43,2655.3 1 1
github.com/ichiban/prolog/engine/builtin.go:2657.2,2663.16 3 1
github.com/ichiban/prolog/engine/builtin.go:2663.16,2665.3 1 1
github.com/ichiban/prolog/engine/builtin.go:2667.2,2667.38 1 1
github.com/ichiban/prolog/engine/builtin.go:2668.24,2669.33 1 1
github.com/ichiban/prolog/engine/builtin.go:2670.10,2671.51 1 1
github.com/ichiban/prolog/engine/builtin.go:2675.75,2677.40 2 1
github.com/ichiban/prolog/engine/builtin.go:2678.16,2679.40 1 1
github.com/ichiban/prolog/engine/builtin.go:2680.14,2681.10 1 1
github.com/ichiban/prolog/engine/builtin.go:2682.10,2683.53 1 1
github.com/ichiban/prolog/engine/builtin.go:2686.2,2687.18 2 1
github.com/ichiban/prolog/engine/builtin.go:2687.18,2688.50 1 1
github.com/ichiban/prolog/engine/builtin.go:2689.17,2690.9 1 1
github.com/ichiban/prolog/engine/builtin.go:2691.16,2692.32 1 1
github.com/ichiban/prolog/engine/builtin.go:2692.32,2694.5 1 1
github.com/ichiban/prolog/engine/builtin.go:2695.11,2696.53 1 1
github.com/ichiban/prolog/engine/builtin.go:2699.2,2699.35 1 1
github.com/ichiban/prolog/engine/builtin.go:2699.35,2701.3 1 1
github.com/ichiban/prolog/engine/builtin.go:2703.2,2708.23 5 1
github.com/ichiban/prolog/engine/builtin.go:2708.23,2710.3 1 1
github.com/ichiban/prolog/engine/builtin.go:2711.2,2711.46 1 1
github.com/ichiban/prolog/engine/builtin.go:2715.79,2720.41 2 1
github.com/ichiban/prolog/engine/builtin.go:2721.16,2722.43 1 1
github.com/ichiban/prolog/engine/builtin.go:2722.43,2724.4 1 1
github.com/ichiban/prolog/engine/builtin.go:2725.15,2726.31 1 1
github.com/ichiban/prolog/engine/builtin.go:2727.10,2728.60 1 1
github.com/ichiban/prolog/engine/builtin.go:2731.2,2731.38 1 1
github.com/ichiban/prolog/engine/builtin.go:2731.38,2733.3 1 1
github.com/ichiban/prolog/engine/builtin.go:2735.2,2736.28 2 1
github.com/ichiban/prolog/engine/builtin.go:2736.28,2738.36 2 1
github.com/ichiban/prolog/engine/builtin.go:2738.36,2740.51 2 1
github.com/ichiban/prolog/engine/builtin.go:2740.51,2742.5 1 1
github.com/ichiban/prolog/engine/builtin.go:2745.2,2745.21 1 1
github.com/ichiban/prolog/engine/builtin.go:2748.53,2749.43 1 1
github.com/ichiban/prolog/engine/builtin.go:2750.16,2751.14 1 1
github.com/ichiban/prolog/engine/builtin.go:2752.12,2753.43 1 1
github.com/ichiban/prolog/engine/builtin.go:2754.16,2755.21 1 1
github.com/ichiban/prolog/engine/builtin.go:2755.21,2757.4 1 1
github.com/ichiban/prolog/engine/builtin.go:2758.3,2759.22 2 1
github.com/ichiban/prolog/engine/builtin.go:2760.90,2761.27 1 1
github.com/ichiban/prolog/engine/builtin.go:2762.21,2763.30 1 1
github.com/ichiban/prolog/engine/builtin.go:2765.3,2765.15 1 1
github.com/ichiban/prolog/engine/builtin.go:2766.10,2767.15 1 1
github.com/ichiban/prolog/engine/builtin.go:2771.36,2772.31 1 1
github.com/ichiban/prolog/engine/builtin.go:2773.22,2774.14 1 1
github.com/ichiban/prolog/engine/builtin.go:2775.10,2776.15 1 1
github.com/ichiban/prolog/engine/builtin.go:2780.39,2781.31 1 1
github.com/ichiban/prolog/engine/builtin.go:2782.25,2783.14 1 1
github.com/ichiban/prolog/engine/builtin.go:2784.10,2785.15 1 1
github.com/ichiban/prolog/engine/builtin.go:2790.89,2792.16 2 1
github.com/ichiban/prolog/engine/builtin.go:2792.16,2794.3 1 1
github.com/ichiban/prolog/engine/builtin.go:2796.2,2796.43 1 1
github.com/ichiban/prolog/engine/builtin.go:2797.16,2798.40 1 1
github.com/ichiban/prolog/engine/builtin.go:2799.15,2800.45 1 1
github.com/ichiban/prolog/engine/builtin.go:2801.12,2802.17 1 1
github.com/ichiban/prolog/engine/builtin.go:2803.22,2804.96 1 1
github.com/ichiban/prolog/engine/builtin.go:2805.11,2806.21 1 1
github.com/ichiban/prolog/engine/builtin.go:2808.10,2809.59 1 0
github.com/ichiban/prolog/engine/builtin.go:2814.78,2815.42 1 1
github.com/ichiban/prolog/engine/builtin.go:2816.16,2817.40 1 1
github.com/ichiban/prolog/engine/builtin.go:2818.12,2820.18 2 1
github.com/ichiban/prolog/engine/builtin.go:2820.18,2822.4 1 1
github.com/ichiban/prolog/engine/builtin.go:2824.3,2824.45 1 1
github.com/ichiban/prolog/engine/builtin.go:2825.17,2826.41 1 1
github.com/ichiban/prolog/engine/builtin.go:2827.13,2829.19 2 1
github.com/ichiban/prolog/engine/builtin.go:2829.19,2831.5 1 1
github.com/ichiban/prolog/engine/builtin.go:2833.4,2833.20 1 1
github.com/ichiban/prolog/engine/builtin.go:2833.20,2836.5 2 1
github.com/ichiban/prolog/engine/builtin.go:2837.4,2838.17 2 1
github.com/ichiban/prolog/engine/builtin.go:2839.11,2840.57 1 1
github.com/ichiban/prolog/engine/builtin.go:2842.10,2843.56 1 1
github.com/ichiban/prolog/engine/builtin.go:2848.85,2849.42 1 1
github.com/ichiban/prolog/engine/builtin.go:2850.16,2851.8 1 1
github.com/ichiban/prolog/engine/builtin.go:2852.12,2854.18 2 1
github.com/ichiban/prolog/engine/builtin.go:2854.18,2856.4 1 1
github.com/ichiban/prolog/engine/builtin.go:2857.10,2858.56 1 1
github.com/ichiban/prolog/engine/builtin.go:2861.2,2861.44 1 1
github.com/ichiban/prolog/engine/builtin.go:2862.16,2863.8 1 1
github.com/ichiban/prolog/engine/builtin.go:2864.12,2866.18 2 1
github.com/ichiban/prolog/engine/builtin.go:2866.18,2868.4 1 1
github.com/ichiban/prolog/engine/builtin.go:2869.10,2870.56 1 1
github.com/ichiban/prolog/engine/builtin.go:2873.2,2873.46 1 1
github.com/ichiban/prolog/engine/builtin.go:2873.46,2876.29 3 1
github.com/ichiban/prolog/engine/builtin.go:2876.29,2878.4 1 1
github.com/ichiban/prolog/engine/builtin.go:2879.3,2879.40 1 1
github.com/ichiban/prolog/engine/builtin.go:2882.2,2885.27 4 1
github.com/ichiban/prolog/engine/builtin.go:2885.27,2888.16 3 1
github.com/ichiban/prolog/engine/builtin.go:2888.16,2889.28 1 0
github.com/ichiban/prolog/engine/builtin.go:2889.28,2891.5 1 0
github.com/ichiban/prolog/engine/builtin.go:2894.3,2896.42 3 1
github.com/ichiban/prolog/engine/builtin.go:2896.42,2898.4 1 1
github.com/ichiban/prolog/engine/builtin.go:2900.2,2900.21 1 1
github.com/ichiban/prolog/engine/builtin.go:2904.73,2905.39 1 1
github.com/ichiban/prolog/engine/builtin.go:2906.16,2907.40 1 1
github.com/ichiban/prolog/engine/builtin.go:2908.12,2910.12 2 1
github.com/ichiban/prolog/engine/builtin.go:2911.95,2912.78 1 1
github.com/ichiban/prolog/engine/builtin.go:2913.27,2914.33 1 1
github.com/ichiban/prolog/engine/builtin.go:2915.18,2916.24 1 1
github.com/ichiban/prolog/engine/builtin.go:2917.20,2918.26 1 1
github.com/ichiban/prolog/engine/builtin.go:2919.25,2920.31 1 1
github.com/ichiban/prolog/engine/builtin.go:2921.11,2922.60 1 1
github.com/ichiban/prolog/engine/builtin.go:2925.3,2925.41 1 1
github.com/ichiban/prolog/engine/builtin.go:2926.17,2927.41 1 1
github.com/ichiban/prolog/engine/builtin.go:2928.13,2932.40 1 1
github.com/ichiban/prolog/engine/builtin.go:2932.40,2934.5 1 1
github.com/ichiban/prolog/engine/builtin.go:2935.4,2935.17 1 1
github.com/ichiban/prolog/engine/builtin.go:2936.11,2937.85 1 1
github.com/ichiban/prolog/engine/builtin.go:2939.10,2940.49 1 1
github.com/ichiban/prolog/engine/builtin.go:2944.53,2945.15 1 1
github.com/ichiban/prolog/engine/builtin.go:2946.14,2947.30 1 1
github.com/ichiban/prolog/engine/builtin.go:2948.15,2949.31 1 1
github.com/ichiban/prolog/engine/builtin.go:2950.10,2951.91 1 1
github.com/ichiban/prolog/engine/builtin.go:2953.2,2953.12 1 1
github.com/ichiban/prolog/engine/builtin.go:2956.44,2957.15 1 1
github.com/ichiban/prolog/engine/builtin.go:2958.14,2959.20 1 1
github.com/ichiban/prolog/engine/builtin.go:2960.15,2961.21 1 1
github.com/ichiban/prolog/engine/builtin.go:2962.10,2963.82 1 1
github.com/ichiban/prolog/engine/builtin.go:2965.2,2965.12 1 1
github.com/ichiban/prolog/engine/builtin.go:2968.46,2969.15 1 1
github.com/ichiban/prolog/engine/builtin.go:2970.17,2971.30 1 1
github.com/ichiban/prolog/engine/builtin.go:2972.19,2973.32 1 1
github.com/ichiban/prolog/engine/builtin.go:2974.16,2975.29 1 1
github.com/ichiban/prolog/engine/builtin.go:2976.10,2977.84 1 1
github.com/ichiban/prolog/engine/builtin.go:2979.2,2979.12 1 1
github.com/ichiban/prolog/engine/builtin.go:2982.51,2983.15 1 1
github.com/ichiban/prolog/engine/builtin.go:2984.17,2985.40 1 1
github.com/ichiban/prolog/engine/builtin.go:2986.17,2987.40 1 1
github.com/ichiban/prolog/engine/builtin.go:2988.16,2989.39 1 1
github.com/ichiban/prolog/engine/builtin.go:2990.10,2991.89 1 1
github.com/ichiban/prolog/engine/builtin.go:2993.2,2993.12 1 1
github.com/ichiban/prolog/engine/builtin.go:2997.77,2998.39 1 1
github.com/ichiban/prolog/engine/builtin.go:2999.16,3000.8 1 1
github.com/ichiban/prolog/engine/builtin.go:3001.12,3002.12 1 1
github.com/ichiban/prolog/engine/builtin.go:3003.157,3004.9 1 1
github.com/ichiban/prolog/engine/builtin.go:3005.11,3006.60 1 1
github.com/ichiban/prolog/engine/builtin.go:3008.10,3009.49 1 1
github.com/ichiban/prolog/engine/builtin.go:3012.2,3026.23 5 1
github.com/ichiban/prolog/engine/builtin.go:3026.23,3028.42 2 1
github.com/ichiban/prolog/engine/builtin.go:3028.42,3030.4 1 1
github.com/ichiban/prolog/engine/builtin.go:3032.2,3032.21 1 1
github.com/ichiban/prolog/engine/builtin.go:3035.25,3036.7 1 1
github.com/ichiban/prolog/engine/builtin.go:3036.7,3038.3 1 0
github.com/ichiban/prolog/engine/builtin.go:3039.2,3039.16 1 1
github.com/ichiban/prolog/engine/builtin.go:3043.71,3045.16 2 1
github.com/ichiban/prolog/engine/builtin.go:3045.16,3047.3 1 0
github.com/ichiban/prolog/engine/builtin.go:3049.2,3049.36 1 1
github.com/ichiban/prolog/engine/builtin.go:3052.56,3054.8 2 1
github.com/ichiban/prolog/engine/builtin.go:3054.8,3057.81 3 1
github.com/ichiban/prolog/engine/builtin.go:3057.81,3060.4 2 1
github.com/ichiban/prolog/engine/builtin.go:3061.3,3061.17 1 1
github.com/ichiban/prolog/engine/builtin.go:3061.17,3063.4 1 1
github.com/ichiban/prolog/engine/builtin.go:3064.3,3064.9 1 1
github.com/ichiban/prolog/engine/builtin.go:3064.9,3066.4 1 1
github.com/ichiban/prolog/engine/builtin.go:3069.2,3070.16 2 1
github.com/ichiban/prolog/engine/builtin.go:3070.16,3072.3 1 1
github.com/ichiban/prolog/engine/builtin.go:3073.2,3073.15 1 1
github.com/ichiban/prolog/engine/builtin.go:3077.66,3079.2 1 1
github.com/ichiban/prolog/engine/builtin.go:3082.66,3084.2 1 1
github.com/ichiban/prolog/engine/builtin.go:3086.79,3087.36 1 1
github.com/ichiban/prolog/engine/builtin.go:3088.16,3091.35 3 1
github.com/ichiban/prolog/engine/builtin.go:3091.35,3093.51 2 1
github.com/ichiban/prolog/engine/builtin.go:3093.51,3095.5 1 1
github.com/ichiban/prolog/engine/builtin.go:3097.3,3097.36 1 1
github.com/ichiban/prolog/engine/builtin.go:3097.36,3099.4 1 1
github.com/ichiban/prolog/engine/builtin.go:3100.3,3100.22 1 1
github.com/ichiban/prolog/engine/builtin.go:3101.15,3102.15 1 1
github.com/ichiban/prolog/engine/builtin.go:3102.15,3104.4 1 1
github.com/ichiban/prolog/engine/builtin.go:3105.3,3106.35 2 1
github.com/ichiban/prolog/engine/builtin.go:3106.35,3107.14 1 1
github.com/ichiban/prolog/engine/builtin.go:3107.14,3109.5 1 1
github.com/ichiban/prolog/engine/builtin.go:3111.3,3111.36 1 1
github.com/ichiban/prolog/engine/builtin.go:3111.36,3113.4 1 1
github.com/ichiban/prolog/engine/builtin.go:3114.3,3114.21 1 1
github.com/ichiban/prolog/engine/builtin.go:3115.10,3116.52 1 1
github.com/ichiban/prolog/engine/builtin.go:3121.57,3122.36 1 1
github.com/ichiban/prolog/engine/builtin.go:3123.16,3124.37 1 1
github.com/ichiban/prolog/engine/builtin.go:3125.17,3126.41 1 1
github.com/ichiban/prolog/engine/builtin.go:3127.16,3128.11 1 1
github.com/ichiban/prolog/engine/builtin.go:3129.24,3130.66 1 1
github.com/ichiban/prolog/engine/builtin.go:3131.25,3132.23 1 1
github.com/ichiban/prolog/engine/builtin.go:3133.12,3134.46 1 1
github.com/ichiban/prolog/engine/builtin.go:3136.11,3137.53 1 1
github.com/ichiban/prolog/engine/builtin.go:3139.15,3140.21 1 1
github.com/ichiban/prolog/engine/builtin.go:3140.21,3142.4 1 1
github.com/ichiban/prolog/engine/builtin.go:3144.3,3145.17 2 1
github.com/ichiban/prolog/engine/builtin.go:3145.17,3147.27 2 1
github.com/ichiban/prolog/engine/builtin.go:3147.27,3149.5 1 1
github.com/ichiban/prolog/engine/builtin.go:3150.4,3150.21 1 0
github.com/ichiban/prolog/engine/builtin.go:3153.3,3153.37 1 1
github.com/ichiban/prolog/engine/builtin.go:3154.17,3155.34 1 1
github.com/ichiban/prolog/engine/builtin.go:3156.16,3157.22 1 1
github.com/ichiban/prolog/engine/builtin.go:3157.22,3159.5 1 1
github.com/ichiban/prolog/engine/builtin.go:3160.4,3160.34 1 1
github.com/ichiban/prolog/engine/builtin.go:3161.11,3162.53 1 1
github.com/ichiban/prolog/engine/builtin.go:3164.10,3165.52 1 1
github.com/ichiban/prolog/engine/builtin.go:3170.67,3175.23 2 1
github.com/ichiban/prolog/engine/builtin.go:3176.16,3177.8 1 1
github.com/ichiban/prolog/engine/builtin.go:3178.15,3179.12 1 1
github.com/ichiban/prolog/engine/builtin.go:3179.12,3181.4 1 1
github.com/ichiban/prolog/engine/builtin.go:3182.10,3183.52 1 1
github.com/ichiban/prolog/engine/builtin.go:3186.2,3190.75 2 1
github.com/ichiban/prolog/engine/builtin.go:3190.75,3193.47 2 1
github.com/ichiban/prolog/engine/builtin.go:3194.17,3195.32 1 1
github.com/ichiban/prolog/engine/builtin.go:3195.32,3197.5 1 1
github.com/ichiban/prolog/engine/builtin.go:3199.4,3201.19 2 1
github.com/ichiban/prolog/engine/builtin.go:3201.19,3203.5 1 1
github.com/ichiban/prolog/engine/builtin.go:3205.4,3205.72 1 1
github.com/ichiban/prolog/engine/builtin.go:3206.13,3207.31 1 1
github.com/ichiban/prolog/engine/builtin.go:3207.31,3209.5 1 1
github.com/ichiban/prolog/engine/builtin.go:3211.4,3211.40 1 1
github.com/ichiban/prolog/engine/builtin.go:3212.17,3213.58 1 1
github.com/ichiban/prolog/engine/builtin.go:3213.58,3215.5 1 1
github.com/ichiban/prolog/engine/builtin.go:3217.4,3217.34 1 1
github.com/ichiban/prolog/engine/builtin.go:3217.34,3219.5 1 1
github.com/ichiban/prolog/engine/builtin.go:3221.4,3221.58 1 1
github.com/ichiban/prolog/engine/builtin.go:3222.11,3223.22 1 1
github.com/ichiban/prolog/engine/builtin.go:3228.81,3230.16 2 1
github.com/ichiban/prolog/engine/builtin.go:3230.16,3232.3 1 1
github.com/ichiban/prolog/engine/builtin.go:3233.2,3233.23 1 1
github.com/ichiban/prolog/engine/builtin.go:3233.23,3235.3 1 1
github.com/ichiban/prolog/engine/builtin.go:3236.2,3236.48 1 1
github.com/ichiban/prolog/engine/builtin.go:3239.108,3240.46 1 1
github.com/ichiban/prolog/engine/builtin.go:3240.46,3242.3 1 1
github.com/ichiban/prolog/engine/builtin.go:3242.36,3245.17 3 1
github.com/ichiban/prolog/engine/builtin.go:3245.17,3247.4 1 1
github.com/ichiban/prolog/engine/builtin.go:3248.3,3248.66 1 1
github.com/ichiban/prolog/engine/builtin.go:3253.83,3255.40 2 1
github.com/ichiban/prolog/engine/builtin.go:3256.16,3257.8 1 1
github.com/ichiban/prolog/engine/builtin.go:3258.15,3259.14 1 1
github.com/ichiban/prolog/engine/builtin.go:3259.14,3261.4 1 1
github.com/ichiban/prolog/engine/builtin.go:3262.3,3262.10 1 1
github.com/ichiban/prolog/engine/builtin.go:3263.10,3264.54 1 1
github.com/ichiban/prolog/engine/builtin.go:3267.2,3271.27 2 1
github.com/ichiban/prolog/engine/builtin.go:3271.27,3273.3 1 1
github.com/ichiban/prolog/engine/builtin.go:3275.2,3275.72 1 1
github.com/ichiban/prolog/engine/builtin.go:3279.65,3281.46 1 1
github.com/ichiban/prolog/engine/builtin.go:3281.46,3283.19 2 1
github.com/ichiban/prolog/engine/builtin.go:3283.20,3284.4 0 1
github.com/ichiban/prolog/engine/builtin.go:3285.3,3285.36 1 1
github.com/ichiban/prolog/engine/builtin.go:3285.36,3290.4 1 1
github.com/ichiban/prolog/engine/builtin.go:3293.2,3293.44 1 1
github.com/ichiban/prolog/engine/builtin.go:3296.70,3301.46 1 1
github.com/ichiban/prolog/engine/builtin.go:3301.46,3303.3 1 1
github.com/ichiban/prolog/engine/builtin.go:3303.36,3306.92 3 1
github.com/ichiban/prolog/engine/builtin.go:3306.92,3308.4 1 1
github.com/ichiban/prolog/engine/clause.go:43.40,45.15 2 1
github.com/ichiban/prolog/engine/clause.go:45.15,47.3 1 1
github.com/ichiban/prolog/engine/clause.go:48.2,48.12 1 1
github.com/ichiban/prolog/engine/clause.go:51.43,55.2 3 1
github.com/ichiban/prolog/engine/clause.go:59.72,62.20 3 1
github.com/ichiban/prolog/engine/clause.go:62.20,65.41 2 1
github.com/ichiban/prolog/engine/clause.go:65.41,66.12 1 0
github.com/ichiban/prolog/engine/clause.go:68.3,68.50 1 1
github.com/ichiban/prolog/engine/clause.go:68.50,70.24 2 1
github.com/ichiban/prolog/engine/clause.go:70.24,72.5 1 1
github.com/ichiban/prolog/engine/clause.go:73.4,73.58 1 1
github.com/ichiban/prolog/engine/clause.go:76.2,77.10 2 1
github.com/ichiban/prolog/engine/clause.go:81.44,83.2 1 1
github.com/ichiban/prolog/engine/clause.go:87.46,89.2 1 1
github.com/ichiban/prolog/engine/clause.go:94.76,97.2 2 1
github.com/ichiban/prolog/engine/clause.go:99.49,101.74 2 1
github.com/ichiban/prolog/engine/clause.go:101.74,105.19 4 1
github.com/ichiban/prolog/engine/clause.go:105.19,107.18 2 1
github.com/ichiban/prolog/engine/clause.go:107.18,109.5 1 1
github.com/ichiban/prolog/engine/clause.go:110.4,112.23 2 1
github.com/ichiban/prolog/engine/clause.go:114.3,114.17 1 1
github.com/ichiban/prolog/engine/clause.go:117.2,119.27 3 1
github.com/ichiban/prolog/engine/clause.go:131.68,134.17 3 1
github.com/ichiban/prolog/engine/clause.go:134.17,135.50 1 1
github.com/ichiban/prolog/engine/clause.go:135.50,137.4 1 1
github.com/ichiban/prolog/engine/clause.go:139.2,140.15 2 1
github.com/ichiban/prolog/engine/clause.go:143.51,144.42 1 1
github.com/ichiban/prolog/engine/clause.go:145.12,146.50 1 1
github.com/ichiban/prolog/engine/clause.go:147.16,149.37 2 1
github.com/ichiban/prolog/engine/clause.go:149.37,151.4 1 1
github.com/ichiban/prolog/engine/clause.go:155.57,158.18 3 1
github.com/ichiban/prolog/engine/clause.go:158.18,159.60 1 1
github.com/ichiban/prolog/engine/clause.go:159.60,161.4 1 1
github.com/ichiban/prolog/engine/clause.go:163.2,163.12 1 1
github.com/ichiban/prolog/engine/clause.go:168.54,169.36 1 1
github.com/ichiban/prolog/engine/clause.go:170.16,171.47 1 1
github.com/ichiban/prolog/engine/clause.go:172.12,173.12 1 1
github.com/ichiban/prolog/engine/clause.go:174.16,176.14 2 1
github.com/ichiban/prolog/engine/clause.go:178.3,179.13 2 1
github.com/ichiban/prolog/engine/clause.go:180.16,181.34 1 1
github.com/ichiban/prolog/engine/clause.go:181.34,183.4 1 1
github.com/ichiban/prolog/engine/clause.go:184.3,185.13 2 1
github.com/ichiban/prolog/engine/clause.go:186.10,187.24 1 1
github.com/ichiban/prolog/engine/clause.go:191.51,192.36 1 1
github.com/ichiban/prolog/engine/clause.go:193.16,194.90 1 1
github.com/ichiban/prolog/engine/clause.go:195.26,196.79 1 1
github.com/ichiban/prolog/engine/clause.go:197.12,199.25 2 1
github.com/ichiban/prolog/engine/clause.go:199.25,201.4 1 1
github.com/ichiban/prolog/engine/clause.go:202.3,202.62 1 1
github.com/ichiban/prolog/engine/clause.go:203.16,207.30 4 1
github.com/ichiban/prolog/engine/clause.go:207.30,209.4 1 1
github.com/ichiban/prolog/engine/clause.go:210.3,210.62 1 1
github.com/ichiban/prolog/engine/clause.go:211.16,213.34 2 1
github.com/ichiban/prolog/engine/clause.go:213.34,215.4 1 1
github.com/ichiban/prolog/engine/clause.go:216.3,216.62 1 1
github.com/ichiban/prolog/engine/clause.go:217.10,218.79 1 1
github.com/ichiban/prolog/engine/clause.go:222.51,223.36 1 1
github.com/ichiban/prolog/engine/clause.go:224.16,225.90 1 1
github.com/ichiban/prolog/engine/clause.go:226.26,227.79 1 1
github.com/ichiban/prolog/engine/clause.go:228.12,230.25 2 1
github.com/ichiban/prolog/engine/clause.go:230.25,232.4 1 1
github.com/ichiban/prolog/engine/clause.go:233.3,233.62 1 1
github.com/ichiban/prolog/engine/clause.go:234.16,237.19 3 1
github.com/ichiban/prolog/engine/clause.go:237.19,239.4 1 1
github.com/ichiban/prolog/engine/clause.go:240.3,243.19 4 1
github.com/ichiban/prolog/engine/clause.go:243.19,245.4 1 1
github.com/ichiban/prolog/engine/clause.go:246.3,246.62 1 1
github.com/ichiban/prolog/engine/clause.go:247.16,249.34 2 1
github.com/ichiban/prolog/engine/clause.go:249.34,251.4 1 1
github.com/ichiban/prolog/engine/clause.go:252.3,252.62 1 1
github.com/ichiban/prolog/engine/clause.go:253.10,254.79 1 1
github.com/ichiban/prolog/engine/clause.go:258.48,259.27 1 1
github.com/ichiban/prolog/engine/clause.go:259.27,260.13 1 1
github.com/ichiban/prolog/engine/clause.go:260.13,262.4 1 1
github.com/ichiban/prolog/engine/clause.go:264.2,265.33 2 1
github.com/ichiban/prolog/engine/compound.go:21.81,23.22 2 1
github.com/ichiban/prolog/engine/compound.go:23.22,25.3 1 1
github.com/ichiban/prolog/engine/compound.go:27.2,30.103 3 1
github.com/ichiban/prolog/engine/compound.go:30.103,32.3 1 1
github.com/ichiban/prolog/engine/compound.go:34.2,34.21 1 1
github.com/ichiban/prolog/engine/compound.go:34.21,35.47 1 1
github.com/ichiban/prolog/engine/compound.go:35.47,37.4 1 1
github.com/ichiban/prolog/engine/compound.go:39.3,39.54 1 1
github.com/ichiban/prolog/engine/compound.go:39.54,41.4 1 1
github.com/ichiban/prolog/engine/compound.go:44.2,44.20 1 1
github.com/ichiban/prolog/engine/compound.go:44.20,46.3 1 1
github.com/ichiban/prolog/engine/compound.go:48.2,48.42 1 1
github.com/ichiban/prolog/engine/compound.go:48.42,49.39 1 1
github.com/ichiban/prolog/engine/compound.go:49.39,51.4 1 1
github.com/ichiban/prolog/engine/compound.go:54.2,54.57 1 1
github.com/ichiban/prolog/engine/compound.go:57.84,58.38 1 1
github.com/ichiban/prolog/engine/compound.go:58.38,61.3 2 1
github.com/ichiban/prolog/engine/compound.go:62.2,62.19 1 1
github.com/ichiban/prolog/engine/compound.go:65.60,70.12 5 1
github.com/ichiban/prolog/engine/compound.go:70.12,72.3 1 1
github.com/ichiban/prolog/engine/compound.go:73.2,73.15 1 1
github.com/ichiban/prolog/engine/compound.go:76.85,82.18 6 1
github.com/ichiban/prolog/engine/compound.go:82.18,84.25 2 1
github.com/ichiban/prolog/engine/compound.go:84.25,87.9 3 1
github.com/ichiban/prolog/engine/compound.go:89.3,90.47 2 1
github.com/ichiban/prolog/engine/compound.go:92.2,92.35 1 1
github.com/ichiban/prolog/engine/compound.go:92.35,95.88 3 1
github.com/ichiban/prolog/engine/compound.go:95.88,97.4 1 1
github.com/ichiban/prolog/engine/compound.go:97.9,99.4 1 1
github.com/ichiban/prolog/engine/compound.go:101.2,102.15 2 1
github.com/ichiban/prolog/engine/compound.go:105.95,111.2 5 1
github.com/ichiban/prolog/engine/compound.go:123.13,133.2 1 1
github.com/ichiban/prolog/engine/compound.go:135.97,137.2 1 1
github.com/ichiban/prolog/engine/compound.go:139.103,144.31 4 1
github.com/ichiban/prolog/engine/compound.go:144.31,146.3 1 1
github.com/ichiban/prolog/engine/compound.go:147.2,147.15 1 1
github.com/ichiban/prolog/engine/compound.go:147.15,150.3 2 1
github.com/ichiban/prolog/engine/compound.go:151.2,152.2 2 1
github.com/ichiban/prolog/engine/compound.go:152.2,155.25 3 1
github.com/ichiban/prolog/engine/compound.go:155.25,157.4 1 1
github.com/ichiban/prolog/engine/compound.go:157.9,159.4 1 1
github.com/ichiban/prolog/engine/compound.go:161.2,161.15 1 1
github.com/ichiban/prolog/engine/compound.go:161.15,163.3 1 1
github.com/ichiban/prolog/engine/compound.go:164.2,164.15 1 1
github.com/ichiban/prolog/engine/compound.go:167.104,172.15 4 1
github.com/ichiban/prolog/engine/compound.go:172.15,173.32 1 1
github.com/ichiban/prolog/engine/compound.go:173.32,175.4 1 1
github.com/ichiban/prolog/engine/compound.go:176.3,177.57 2 1
github.com/ichiban/prolog/engine/compound.go:179.2,182.25 3 1
github.com/ichiban/prolog/engine/compound.go:182.25,184.4 1 1
github.com/ichiban/prolog/engine/compound.go:184.9,186.4 1 1
github.com/ichiban/prolog/engine/compound.go:188.2,189.15 2 1
github.com/ichiban/prolog/engine/compound.go:189.15,191.3 1 1
github.com/ichiban/prolog/engine/compound.go:191.8,191.39 1 1
github.com/ichiban/prolog/engine/compound.go:191.39,193.3 1 1
github.com/ichiban/prolog/engine/compound.go:194.2,194.15 1 1
github.com/ichiban/prolog/engine/compound.go:197.102,204.15 4 1
github.com/ichiban/prolog/engine/compound.go:204.15,205.80 1 1
github.com/ichiban/prolog/engine/compound.go:205.80,207.4 1 1
github.com/ichiban/prolog/engine/compound.go:208.3,209.57 2 1
github.com/ichiban/prolog/engine/compound.go:211.2,214.25 3 1
github.com/ichiban/prolog/engine/compound.go:214.25,216.4 1 1
github.com/ichiban/prolog/engine/compound.go:216.9,218.4 1 1
github.com/ichiban/prolog/engine/compound.go:220.2,220.21 1 1
github.com/ichiban/prolog/engine/compound.go:221.26,222.47 1 1
github.com/ichiban/prolog/engine/compound.go:223.10,224.87 1 1
github.com/ichiban/prolog/engine/compound.go:226.2,229.25 3 1
github.com/ichiban/prolog/engine/compound.go:229.25,231.4 1 1
github.com/ichiban/prolog/engine/compound.go:231.9,233.4 1 1
github.com/ichiban/prolog/engine/compound.go:235.2,235.15 1 1
github.com/ichiban/prolog/engine/compound.go:235.15,237.3 1 1
github.com/ichiban/prolog/engine/compound.go:238.2,238.15 1 1
github.com/ichiban/prolog/engine/compound.go:241.99,248.33 7 1
github.com/ichiban/prolog/engine/compound.go:248.33,249.13 1 1
github.com/ichiban/prolog/engine/compound.go:249.13,251.4 1 1
github.com/ichiban/prolog/engine/compound.go:252.3,252.25 1 1
github.com/ichiban/prolog/engine/compound.go:252.25,254.12 2 1
github.com/ichiban/prolog/engine/compound.go:256.3,256.41 1 1
github.com/ichiban/prolog/engine/compound.go:258.2,259.15 2 1
github.com/ichiban/prolog/engine/compound.go:263.56,264.36 1 1
github.com/ichiban/prolog/engine/compound.go:265.16,266.40 1 1
github.com/ichiban/prolog/engine/compound.go:267.14,268.12 1 1
github.com/ichiban/prolog/engine/compound.go:269.14,270.13 1 1
github.com/ichiban/prolog/engine/compound.go:273.3,273.57 1 1
github.com/ichiban/prolog/engine/compound.go:273.57,275.4 1 1
github.com/ichiban/prolog/engine/compound.go:277.3,277.34 1 1
github.com/ichiban/prolog/engine/compound.go:277.34,278.52 1 1
github.com/ichiban/prolog/engine/compound.go:278.52,280.5 1 1
github.com/ichiban/prolog/engine/compound.go:282.3,282.11 1 1
github.com/ichiban/prolog/engine/compound.go:283.10,284.11 1 1
github.com/ichiban/prolog/engine/compound.go:294.51,295.19 1 1
github.com/ichiban/prolog/engine/compound.go:295.19,297.3 1 1
github.com/ichiban/prolog/engine/compound.go:298.2,300.15 3 1
github.com/ichiban/prolog/engine/compound.go:308.79,310.2 1 1
github.com/ichiban/prolog/engine/compound.go:312.50,314.2 1 1
github.com/ichiban/prolog/engine/compound.go:316.35,318.2 1 1
github.com/ichiban/prolog/engine/compound.go:320.32,322.2 1 1
github.com/ichiban/prolog/engine/compound.go:324.36,326.2 1 1
github.com/ichiban/prolog/engine/compound.go:328.38,330.2 1 1
github.com/ichiban/prolog/engine/compound.go:333.31,335.2 1 1
github.com/ichiban/prolog/engine/compound.go:339.74,341.2 1 1
github.com/ichiban/prolog/engine/compound.go:343.45,345.2 1 1
github.com/ichiban/prolog/engine/compound.go:347.31,355.16 3 1
github.com/ichiban/prolog/engine/compound.go:355.16,357.3 1 1
github.com/ichiban/prolog/engine/compound.go:358.2,358.11 1 1
github.com/ichiban/prolog/engine/compound.go:361.30,363.2 1 1
github.com/ichiban/prolog/engine/compound.go:365.27,367.2 1 1
github.com/ichiban/prolog/engine/compound.go:369.31,371.11 2 1
github.com/ichiban/prolog/engine/compound.go:372.9,373.11 1 1
github.com/ichiban/prolog/engine/compound.go:374.9,375.18 1 1
github.com/ichiban/prolog/engine/compound.go:375.18,377.9 2 1
github.com/ichiban/prolog/engine/compound.go:379.3,379.12 1 1
github.com/ichiban/prolog/engine/compound.go:381.2,381.10 1 1
github.com/ichiban/prolog/engine/compound.go:384.33,387.22 3 1
github.com/ichiban/prolog/engine/compound.go:387.22,388.13 1 1
github.com/ichiban/prolog/engine/compound.go:388.13,390.4 1 1
github.com/ichiban/prolog/engine/compound.go:391.3,391.36 1 1
github.com/ichiban/prolog/engine/compound.go:393.2,394.20 2 1
github.com/ichiban/prolog/engine/compound.go:398.28,399.18 1 1
github.com/ichiban/prolog/engine/compound.go:399.18,401.3 1 1
github.com/ichiban/prolog/engine/compound.go:402.2,402.17 1 1
github.com/ichiban/prolog/engine/compound.go:410.78,412.2 1 1
github.com/ichiban/prolog/engine/compound.go:414.49,416.2 1 1
github.com/ichiban/prolog/engine/compound.go:418.35,426.2 2 1
github.com/ichiban/prolog/engine/compound.go:428.35,430.73 2 1
github.com/ichiban/prolog/engine/compound.go:430.73,431.25 1 1
github.com/ichiban/prolog/engine/compound.go:431.25,433.4 1 1
github.com/ichiban/prolog/engine/compound.go:433.9,435.4 1 1
github.com/ichiban/prolog/engine/compound.go:437.2,437.10 1 1
github.com/ichiban/prolog/engine/compound.go:440.37,442.2 1 1
github.com/ichiban/prolog/engine/compound.go:445.46,446.18 1 1
github.com/ichiban/prolog/engine/compound.go:446.18,448.3 1 1
github.com/ichiban/prolog/engine/compound.go:449.2,452.3 1 1
github.com/ichiban/prolog/engine/compound.go:456.36,457.37 1 1
github.com/ichiban/prolog/engine/compound.go:457.37,459.3 1 1
github.com/ichiban/prolog/engine/compound.go:460.2,461.23 2 1
github.com/ichiban/prolog/engine/compound.go:461.23,462.54 1 1
github.com/ichiban/prolog/engine/compound.go:462.54,463.12 1 1
github.com/ichiban/prolog/engine/compound.go:465.3,465.21 1 1
github.com/ichiban/prolog/engine/compound.go:467.2,467.20 1 1
github.com/ichiban/prolog/engine/compound.go:472.49,475.18 3 1
github.com/ichiban/prolog/engine/compound.go:475.18,477.3 1 1
github.com/ichiban/prolog/engine/compound.go:478.2,478.24 1 1
github.com/ichiban/prolog/engine/compound.go:482.37,484.36 2 1
github.com/ichiban/prolog/engine/compound.go:484.36,486.3 1 1
github.com/ichiban/prolog/engine/compound.go:487.2,487.10 1 1
github.com/ichiban/prolog/engine/compound.go:490.27,492.2 1 1
github.com/ichiban/prolog/engine/compound.go:494.31,496.2 1 1
github.com/ichiban/prolog/engine/compound.go:500.35,502.2 1 1
github.com/ichiban/prolog/engine/compound.go:504.78,506.2 1 1
github.com/ichiban/prolog/engine/compound.go:508.49,510.2 1 1
github.com/ichiban/prolog/engine/compound.go:512.34,514.2 1 1
github.com/ichiban/prolog/engine/compound.go:516.31,518.2 1 1
github.com/ichiban/prolog/engine/compound.go:520.35,523.11 3 1
github.com/ichiban/prolog/engine/compound.go:524.9,525.14 1 1
github.com/ichiban/prolog/engine/compound.go:526.9,527.18 1 1
github.com/ichiban/prolog/engine/compound.go:527.18,529.4 1 1
github.com/ichiban/prolog/engine/compound.go:529.9,531.4 1 1
github.com/ichiban/prolog/engine/compound.go:533.2,533.10 1 1
github.com/ichiban/prolog/engine/compound.go:537.30,538.13 1 1
github.com/ichiban/prolog/engine/compound.go:538.13,540.3 1 1
github.com/ichiban/prolog/engine/compound.go:541.2,541.20 1 1
github.com/ichiban/prolog/engine/compound.go:546.35,548.2 1 1
github.com/ichiban/prolog/engine/compound.go:550.78,552.2 1 1
github.com/ichiban/prolog/engine/compound.go:554.49,556.2 1 1
github.com/ichiban/prolog/engine/compound.go:558.34,560.2 1 1
github.com/ichiban/prolog/engine/compound.go:562.31,564.2 1 1
github.com/ichiban/prolog/engine/compound.go:566.35,569.11 3 1
github.com/ichiban/prolog/engine/compound.go:570.9,571.17 1 1
github.com/ichiban/prolog/engine/compound.go:572.9,573.18 1 1
github.com/ichiban/prolog/engine/compound.go:573.18,575.4 1 1
github.com/ichiban/prolog/engine/compound.go:575.9,577.4 1 1
github.com/ichiban/prolog/engine/compound.go:579.2,579.10 1 1
github.com/ichiban/prolog/engine/compound.go:583.30,584.13 1 1
github.com/ichiban/prolog/engine/compound.go:584.13,586.3 1 1
github.com/ichiban/prolog/engine/compound.go:587.2,587.20 1 1
github.com/ichiban/prolog/engine/dcg.go:11.68,13.16 2 1
github.com/ichiban/prolog/engine/dcg.go:13.16,15.3 1 1
github.com/ichiban/prolog/engine/dcg.go:16.2,16.46 1 1
github.com/ichiban/prolog/engine/dcg.go:16.46,18.3 1 1
github.com/ichiban/prolog/engine/dcg.go:23.51,25.61 2 1
github.com/ichiban/prolog/engine/dcg.go:25.61,27.3 1 1
github.com/ichiban/prolog/engine/dcg.go:29.2,30.100 2 1
github.com/ichiban/prolog/engine/dcg.go:30.100,32.17 2 1
github.com/ichiban/prolog/engine/dcg.go:32.17,34.4 1 1
github.com/ichiban/prolog/engine/dcg.go:35.3,36.17 2 1
github.com/ichiban/prolog/engine/dcg.go:36.17,38.4 1 1
github.com/ichiban/prolog/engine/dcg.go:39.3,40.17 2 1
github.com/ichiban/prolog/engine/dcg.go:40.17,42.4 1 1
github.com/ichiban/prolog/engine/dcg.go:43.3,44.39 2 1
github.com/ichiban/prolog/engine/dcg.go:47.2,48.16 2 1
github.com/ichiban/prolog/engine/dcg.go:48.16,50.3 1 1
github.com/ichiban/prolog/engine/dcg.go:51.2,52.16 2 1
github.com/ichiban/prolog/engine/dcg.go:52.16,54.3 1 1
github.com/ichiban/prolog/engine/dcg.go:55.2,55.38 1 1
github.com/ichiban/prolog/engine/dcg.go:58.75,60.16 2 1
github.com/ichiban/prolog/engine/dcg.go:60.16,62.3 1 1
github.com/ichiban/prolog/engine/dcg.go:63.2,64.37 2 1
github.com/ichiban/prolog/engine/dcg.go:64.37,66.3 1 1
github.com/ichiban/prolog/engine/dcg.go:67.2,68.36 2 1
github.com/ichiban/prolog/engine/dcg.go:71.71,74.18 3 1
github.com/ichiban/prolog/engine/dcg.go:74.18,76.3 1 1
github.com/ichiban/prolog/engine/dcg.go:77.2,77.35 1 1
github.com/ichiban/prolog/engine/dcg.go:77.35,79.3 1 1
github.com/ichiban/prolog/engine/dcg.go:80.2,80.64 1 1
github.com/ichiban/prolog/engine/dcg.go:85.13,87.90 1 1
github.com/ichiban/prolog/engine/dcg.go:87.90,89.4 1 1
github.com/ichiban/prolog/engine/dcg.go:90.89,92.4 1 1
github.com/ichiban/prolog/engine/dcg.go:93.91,96.18 3 1
github.com/ichiban/prolog/engine/dcg.go:96.18,98.5 1 1
github.com/ichiban/prolog/engine/dcg.go:99.4,100.18 2 1
github.com/ichiban/prolog/engine/dcg.go:100.18,102.5 1 1
github.com/ichiban/prolog/engine/dcg.go:103.4,103.46 1 1
github.com/ichiban/prolog/engine/dcg.go:105.95,107.97 2 1
github.com/ichiban/prolog/engine/dcg.go:107.97,109.5 1 1
github.com/ichiban/prolog/engine/dcg.go:110.4,111.18 2 1
github.com/ichiban/prolog/engine/dcg.go:111.18,113.5 1 1
github.com/ichiban/prolog/engine/dcg.go:114.4,115.18 2 1
github.com/ichiban/prolog/engine/dcg.go:115.18,117.5 1 1
github.com/ichiban/prolog/engine/dcg.go:118.4,118.47 1 1
github.com/ichiban/prolog/engine/dcg.go:120.89,122.18 2 1
github.com/ichiban/prolog/engine/dcg.go:122.18,124.5 1 1
github.com/ichiban/prolog/engine/dcg.go:125.4,126.18 2 1
github.com/ichiban/prolog/engine/dcg.go:126.18,128.5 1 1
github.com/ichiban/prolog/engine/dcg.go:129.4,129.47 1 1
github.com/ichiban/prolog/engine/dcg.go:131.96,133.4 1 1
github.com/ichiban/prolog/engine/dcg.go:134.90,136.4 1 1
github.com/ichiban/prolog/engine/dcg.go:137.92,139.4 1 1
github.com/ichiban/prolog/engine/dcg.go:140.86,142.4 1 1
github.com/ichiban/prolog/engine/dcg.go:143.94,146.18 3 1
github.com/ichiban/prolog/engine/dcg.go:146.18,148.5 1 1
github.com/ichiban/prolog/engine/dcg.go:149.4,149.83 1 1
github.com/ichiban/prolog/engine/dcg.go:151.90,154.18 3 1
github.com/ichiban/prolog/engine/dcg.go:154.18,156.5 1 1
github.com/ichiban/prolog/engine/dcg.go:157.4,158.18 2 1
github.com/ichiban/prolog/engine/dcg.go:158.18,160.5 1 1
github.com/ichiban/prolog/engine/dcg.go:161.4,161.42 1 1
github.com/ichiban/prolog/engine/dcg.go:166.61,168.34 2 1
github.com/ichiban/prolog/engine/dcg.go:168.34,170.3 1 1
github.com/ichiban/prolog/engine/dcg.go:172.2,173.41 2 1
github.com/ichiban/prolog/engine/dcg.go:173.41,175.3 1 1
github.com/ichiban/prolog/engine/dcg.go:176.2,176.15 1 1
github.com/ichiban/prolog/engine/dcg.go:179.62,181.16 2 1
github.com/ichiban/prolog/engine/dcg.go:181.16,183.3 1 1
github.com/ichiban/prolog/engine/dcg.go:184.2,184.32 1 1
github.com/ichiban/prolog/engine/dcg.go:184.32,186.38 2 1
github.com/ichiban/prolog/engine/dcg.go:186.38,188.4 1 1
github.com/ichiban/prolog/engine/dcg.go:189.3,189.34 1 1
github.com/ichiban/prolog/engine/dcg.go:191.2,191.33 1 1
github.com/ichiban/prolog/engine/env.go:9.35,13.14 2 1
github.com/ichiban/prolog/engine/env.go:13.14,15.3 1 1
github.com/ichiban/prolog/engine/env.go:16.2,16.10 1 1
github.com/ichiban/prolog/engine/env.go:48.20,50.2 1 1
github.com/ichiban/prolog/engine/env.go:53.47,57.17 3 1
github.com/ichiban/prolog/engine/env.go:57.17,59.3 1 1
github.com/ichiban/prolog/engine/env.go:60.2,60.6 1 1
github.com/ichiban/prolog/engine/env.go:60.6,61.18 1 1
github.com/ichiban/prolog/engine/env.go:61.18,63.4 1 1
github.com/ichiban/prolog/engine/env.go:64.3,64.10 1 1
github.com/ichiban/prolog/engine/env.go:65.21,66.20 1 1
github.com/ichiban/prolog/engine/env.go:67.21,68.21 1 1
github.com/ichiban/prolog/engine/env.go:69.11,70.27 1 1
github.com/ichiban/prolog/engine/env.go:76.45,80.17 3 1
github.com/ichiban/prolog/engine/env.go:80.17,82.3 1 1
github.com/ichiban/prolog/engine/env.go:83.2,85.13 3 1
github.com/ichiban/prolog/engine/env.go:88.45,89.14 1 1
github.com/ichiban/prolog/engine/env.go:89.14,91.3 1 1
github.com/ichiban/prolog/engine/env.go:92.2,92.9 1 1
github.com/ichiban/prolog/engine/env.go:93.17,97.14 4 1
github.com/ichiban/prolog/engine/env.go:98.17,102.14 4 1
github.com/ichiban/prolog/engine/env.go:103.10,106.14 3 1
github.com/ichiban/prolog/engine/env.go:110.25,115.9 2 1
github.com/ichiban/prolog/engine/env.go:116.44,117.10 1 1
github.com/ichiban/prolog/engine/env.go:118.55,125.17 7 1
github.com/ichiban/prolog/engine/env.go:126.57,133.17 7 1
github.com/ichiban/prolog/engine/env.go:134.11,135.10 1 1
github.com/ichiban/prolog/engine/env.go:137.46,138.10 1 1
github.com/ichiban/prolog/engine/env.go:139.57,146.23 7 1
github.com/ichiban/prolog/engine/env.go:147.59,154.29 7 1
github.com/ichiban/prolog/engine/env.go:155.11,156.10 1 1
github.com/ichiban/prolog/engine/env.go:158.10,159.9 1 1
github.com/ichiban/prolog/engine/env.go:161.2,166.3 1 1
github.com/ichiban/prolog/engine/env.go:170.36,172.15 2 1
github.com/ichiban/prolog/engine/env.go:172.15,173.24 1 1
github.com/ichiban/prolog/engine/env.go:174.17,175.27 1 1
github.com/ichiban/prolog/engine/env.go:175.27,176.15 1 1
github.com/ichiban/prolog/engine/env.go:176.15,178.6 1 0
github.com/ichiban/prolog/engine/env.go:180.4,181.11 2 1
github.com/ichiban/prolog/engine/env.go:181.11,183.5 1 1
github.com/ichiban/prolog/engine/env.go:184.4,185.11 2 1
github.com/ichiban/prolog/engine/env.go:186.11,187.12 1 1
github.com/ichiban/prolog/engine/env.go:190.2,190.12 1 1
github.com/ichiban/prolog/engine/env.go:194.37,196.2 1 1
github.com/ichiban/prolog/engine/env.go:198.70,199.23 1 1
github.com/ichiban/prolog/engine/env.go:199.23,201.3 1 1
github.com/ichiban/prolog/engine/env.go:202.2,203.36 2 1
github.com/ichiban/prolog/engine/env.go:203.36,205.3 1 1
github.com/ichiban/prolog/engine/env.go:206.2,206.23 1 1
github.com/ichiban/prolog/engine/env.go:207.26,208.11 1 0
github.com/ichiban/prolog/engine/env.go:209.12,212.23 3 1
github.com/ichiban/prolog/engine/env.go:212.23,214.4 1 1
github.com/ichiban/prolog/engine/env.go:215.3,215.11 1 1
github.com/ichiban/prolog/engine/env.go:216.16,222.12 6 1
github.com/ichiban/prolog/engine/env.go:223.16,229.34 3 1
github.com/ichiban/prolog/engine/env.go:229.34,231.4 1 1
github.com/ichiban/prolog/engine/env.go:232.3,232.12 1 1
github.com/ichiban/prolog/engine/env.go:233.10,234.11 1 1
github.com/ichiban/prolog/engine/env.go:241.48,243.2 1 1
github.com/ichiban/prolog/engine/env.go:245.68,246.34 1 1
github.com/ichiban/prolog/engine/env.go:247.16,248.25 1 1
github.com/ichiban/prolog/engine/env.go:248.25,249.14 1 1
github.com/ichiban/prolog/engine/env.go:249.14,251.5 1 1
github.com/ichiban/prolog/engine/env.go:253.3,253.24 1 1
github.com/ichiban/prolog/engine/env.go:254.16,255.34 1 1
github.com/ichiban/prolog/engine/env.go:255.34,257.4 1 1
github.com/ichiban/prolog/engine/env.go:259.2,259.12 1 1
github.com/ichiban/prolog/engine/env.go:263.45,265.2 1 1
github.com/ichiban/prolog/engine/env.go:267.60,269.2 1 1
github.com/ichiban/prolog/engine/env.go:271.63,273.23 2 1
github.com/ichiban/prolog/engine/env.go:274.16,275.10 1 1
github.com/ichiban/prolog/engine/env.go:276.15,277.18 1 1
github.com/ichiban/prolog/engine/env.go:278.41,279.19 1 1
github.com/ichiban/prolog/engine/env.go:280.11,281.29 1 1
github.com/ichiban/prolog/engine/env.go:283.16,284.24 1 1
github.com/ichiban/prolog/engine/env.go:285.17,286.37 1 1
github.com/ichiban/prolog/engine/env.go:287.17,288.34 1 1
github.com/ichiban/prolog/engine/env.go:288.34,290.5 1 1
github.com/ichiban/prolog/engine/env.go:291.4,291.30 1 1
github.com/ichiban/prolog/engine/env.go:291.30,293.5 1 1
github.com/ichiban/prolog/engine/env.go:294.4,295.35 2 1
github.com/ichiban/prolog/engine/env.go:295.35,297.12 2 1
github.com/ichiban/prolog/engine/env.go:297.12,299.6 1 1
github.com/ichiban/prolog/engine/env.go:301.4,301.18 1 1
github.com/ichiban/prolog/engine/env.go:302.11,303.19 1 1
github.com/ichiban/prolog/engine/env.go:305.10,306.24 1 1
github.com/ichiban/prolog/engine/env.go:307.17,308.37 1 1
github.com/ichiban/prolog/engine/env.go:309.11,310.20 1 1
github.com/ichiban/prolog/engine/env.go:315.41,316.23 1 1
github.com/ichiban/prolog/engine/env.go:317.16,318.13 1 1
github.com/ichiban/prolog/engine/env.go:318.13,320.4 1 1
github.com/ichiban/prolog/engine/env.go:321.3,322.10 2 1
github.com/ichiban/prolog/engine/env.go:322.10,324.4 1 1
github.com/ichiban/prolog/engine/env.go:325.3,325.31 1 1
github.com/ichiban/prolog/engine/env.go:326.16,327.48 1 1
github.com/ichiban/prolog/engine/env.go:327.48,329.4 1 1
github.com/ichiban/prolog/engine/env.go:330.3,330.34 1 1
github.com/ichiban/prolog/engine/env.go:330.34,331.34 1 1
github.com/ichiban/prolog/engine/env.go:331.34,333.5 1 1
github.com/ichiban/prolog/engine/env.go:335.3,335.15 1 1
github.com/ichiban/prolog/engine/env.go:336.10,337.16 1 1
github.com/ichiban/prolog/engine/exception.go:13.50,15.16 2 1
github.com/ichiban/prolog/engine/exception.go:15.16,17.3 1 1
github.com/ichiban/prolog/engine/exception.go:18.2,18.27 1 1
github.com/ichiban/prolog/engine/exception.go:22.32,24.2 1 1
github.com/ichiban/prolog/engine/exception.go:26.35,30.2 3 1
github.com/ichiban/prolog/engine/exception.go:33.45,35.2 1 1
github.com/ichiban/prolog/engine/exception.go:77.32,79.2 1 1
github.com/ichiban/prolog/engine/exception.go:82.55,84.2 1 1
github.com/ichiban/prolog/engine/exception.go:87.71,89.2 1 1
github.com/ichiban/prolog/engine/exception.go:138.35,140.2 1 1
github.com/ichiban/prolog/engine/exception.go:143.60,145.2 1 1
github.com/ichiban/prolog/engine/exception.go:148.77,150.2 1 1
github.com/ichiban/prolog/engine/exception.go:168.34,170.2 1 1
github.com/ichiban/prolog/engine/exception.go:173.67,175.2 1 1
github.com/ichiban/prolog/engine/exception.go:178.78,180.2 1 1
github.com/ichiban/prolog/engine/exception.go:206.32,208.2 1 1
github.com/ichiban/prolog/engine/exception.go:238.38,240.2 1 1
github.com/ichiban/prolog/engine/exception.go:243.83,245.2 1 1
github.com/ichiban/prolog/engine/exception.go:248.108,250.2 1 1
github.com/ichiban/prolog/engine/exception.go:274.27,276.2 1 1
github.com/ichiban/prolog/engine/exception.go:279.58,281.2 1 1
github.com/ichiban/prolog/engine/exception.go:284.58,286.2 1 1
github.com/ichiban/prolog/engine/exception.go:304.31,306.2 1 1
github.com/ichiban/prolog/engine/exception.go:309.55,311.2 1 1
github.com/ichiban/prolog/engine/exception.go:314.59,316.2 1 1
github.com/ichiban/prolog/engine/exception.go:319.50,321.2 1 1
github.com/ichiban/prolog/engine/exception.go:324.49,326.2 1 1
github.com/ichiban/prolog/engine/exception.go:339.43,341.2 1 1
github.com/ichiban/prolog/engine/exception.go:352.40,354.2 1 1
github.com/ichiban/prolog/engine/exception.go:357.54,359.2 1 1
github.com/ichiban/prolog/engine/exception.go:362.63,364.2 1 1
github.com/ichiban/prolog/engine/float.go:12.26,12.27 0 0
github.com/ichiban/prolog/engine/float.go:15.73,19.53 3 1
github.com/ichiban/prolog/engine/float.go:19.53,21.3 1 1
github.com/ichiban/prolog/engine/float.go:23.2,23.15 1 1
github.com/ichiban/prolog/engine/float.go:23.15,25.3 1 1
github.com/ichiban/prolog/engine/float.go:27.2,28.35 2 1
github.com/ichiban/prolog/engine/float.go:28.35,29.35 1 1
github.com/ichiban/prolog/engine/float.go:29.35,31.4 1 1
github.com/ichiban/prolog/engine/float.go:31.9,33.4 1 1
github.com/ichiban/prolog/engine/float.go:35.2,37.15 2 1
github.com/ichiban/prolog/engine/float.go:37.15,39.3 1 1
github.com/ichiban/prolog/engine/float.go:41.2,41.109 1 1
github.com/ichiban/prolog/engine/float.go:41.109,43.3 1 1
github.com/ichiban/prolog/engine/float.go:45.2,45.15 1 1
github.com/ichiban/prolog/engine/float.go:49.46,50.36 1 1
github.com/ichiban/prolog/engine/float.go:51.16,52.11 1 1
github.com/ichiban/prolog/engine/float.go:53.13,54.10 1 1
github.com/ichiban/prolog/engine/float.go:55.14,56.12 1 1
github.com/ichiban/prolog/engine/float.go:57.14,58.13 1 1
github.com/ichiban/prolog/engine/float.go:59.11,60.12 1 1
github.com/ichiban/prolog/engine/float.go:62.10,63.12 1 1
github.com/ichiban/prolog/engine/integer.go:11.28,11.29 0 0
github.com/ichiban/prolog/engine/integer.go:14.75,18.15 3 1
github.com/ichiban/prolog/engine/integer.go:18.15,21.3 2 1
github.com/ichiban/prolog/engine/integer.go:21.8,22.103 1 1
github.com/ichiban/prolog/engine/integer.go:22.103,24.4 1 1
github.com/ichiban/prolog/engine/integer.go:27.2,30.15 3 1
github.com/ichiban/prolog/engine/integer.go:30.15,32.3 1 1
github.com/ichiban/prolog/engine/integer.go:35.2,35.175 1 1
github.com/ichiban/prolog/engine/integer.go:35.175,37.3 1 1
github.com/ichiban/prolog/engine/integer.go:39.2,39.15 1 1
github.com/ichiban/prolog/engine/integer.go:43.48,44.36 1 1
github.com/ichiban/prolog/engine/integer.go:45.23,46.11 1 1
github.com/ichiban/prolog/engine/integer.go:47.15,48.10 1 1
github.com/ichiban/prolog/engine/integer.go:49.14,50.12 1 1
github.com/ichiban/prolog/engine/integer.go:51.14,52.13 1 1
github.com/ichiban/prolog/engine/integer.go:53.11,54.12 1 1
github.com/ichiban/prolog/engine/integer.go:56.10,57.12 1 1
github.com/ichiban/prolog/engine/iterator.go:19.36,20.19 1 1
github.com/ichiban/prolog/engine/iterator.go:20.19,22.3 1 1
github.com/ichiban/prolog/engine/iterator.go:23.2,23.18 1 1
github.com/ichiban/prolog/engine/iterator.go:23.18,25.3 1 1
github.com/ichiban/prolog/engine/iterator.go:26.2,26.16 1 1
github.com/ichiban/prolog/engine/iterator.go:26.16,28.3 1 1
github.com/ichiban/prolog/engine/iterator.go:30.2,30.51 1 1
github.com/ichiban/prolog/engine/iterator.go:30.51,33.3 2 1
github.com/ichiban/prolog/engine/iterator.go:35.2,35.22 1 1
github.com/ichiban/prolog/engine/iterator.go:35.22,39.3 3 1
github.com/ichiban/prolog/engine/iterator.go:41.2,41.28 1 1
github.com/ichiban/prolog/engine/iterator.go:42.16,43.22 1 1
github.com/ichiban/prolog/engine/iterator.go:43.22,45.4 1 1
github.com/ichiban/prolog/engine/iterator.go:46.3,46.15 1 1
github.com/ichiban/prolog/engine/iterator.go:47.12,48.25 1 1
github.com/ichiban/prolog/engine/iterator.go:48.25,50.4 1 1
github.com/ichiban/prolog/engine/iterator.go:51.3,51.15 1 1
github.com/ichiban/prolog/engine/iterator.go:52.16,53.47 1 1
github.com/ichiban/prolog/engine/iterator.go:53.47,56.4 2 1
github.com/ichiban/prolog/engine/iterator.go:58.3,60.14 3 1
github.com/ichiban/prolog/engine/iterator.go:61.10,63.15 2 1
github.com/ichiban/prolog/engine/iterator.go:68.39,70.2 1 1
github.com/ichiban/prolog/engine/iterator.go:73.36,75.2 1 1
github.com/ichiban/prolog/engine/iterator.go:78.38,79.19 1 1
github.com/ichiban/prolog/engine/iterator.go:79.19,81.3 1 1
github.com/ichiban/prolog/engine/iterator.go:82.2,82.15 1 1
github.com/ichiban/prolog/engine/iterator.go:94.35,95.42 1 1
github.com/ichiban/prolog/engine/iterator.go:96.11,97.15 1 1
github.com/ichiban/prolog/engine/iterator.go:98.16,99.49 1 1
github.com/ichiban/prolog/engine/iterator.go:99.49,103.4 3 1
github.com/ichiban/prolog/engine/iterator.go:104.3,106.14 3 1
github.com/ichiban/prolog/engine/iterator.go:107.10,110.14 3 1
github.com/ichiban/prolog/engine/iterator.go:115.38,117.2 1 1
github.com/ichiban/prolog/engine/iterator.go:128.35,129.42 1 1
github.com/ichiban/prolog/engine/iterator.go:130.11,131.15 1 1
github.com/ichiban/prolog/engine/iterator.go:132.16,133.53 1 1
github.com/ichiban/prolog/engine/iterator.go:133.53,137.4 3 1
github.com/ichiban/prolog/engine/iterator.go:140.3,140.99 1 1
github.com/ichiban/prolog/engine/iterator.go:140.99,144.4 3 1
github.com/ichiban/prolog/engine/iterator.go:146.3,148.14 3 1
github.com/ichiban/prolog/engine/iterator.go:149.10,152.14 3 1
github.com/ichiban/prolog/engine/iterator.go:157.38,159.2 1 1
github.com/ichiban/prolog/engine/iterator.go:173.35,174.22 1 1
github.com/ichiban/prolog/engine/iterator.go:174.22,175.95 1 1
github.com/ichiban/prolog/engine/iterator.go:175.95,177.4 1 1
github.com/ichiban/prolog/engine/iterator.go:177.9,179.4 1 1
github.com/ichiban/prolog/engine/iterator.go:182.2,182.25 1 1
github.com/ichiban/prolog/engine/iterator.go:186.38,188.2 1 1
github.com/ichiban/prolog/engine/iterator.go:191.35,193.9 2 1
github.com/ichiban/prolog/engine/iterator.go:193.9,195.3 1 1
github.com/ichiban/prolog/engine/iterator.go:196.2,196.16 1 1
github.com/ichiban/prolog/engine/lexer.go:23.40,26.2 2 1
github.com/ichiban/prolog/engine/lexer.go:28.38,30.16 2 1
github.com/ichiban/prolog/engine/lexer.go:30.16,32.3 1 1
github.com/ichiban/prolog/engine/lexer.go:33.2,33.23 1 1
github.com/ichiban/prolog/engine/lexer.go:36.41,39.2 2 1
github.com/ichiban/prolog/engine/lexer.go:41.35,42.39 1 1
github.com/ichiban/prolog/engine/lexer.go:42.39,44.3 1 1
github.com/ichiban/prolog/engine/lexer.go:45.2,45.10 1 1
github.com/ichiban/prolog/engine/lexer.go:48.26,50.2 1 1
github.com/ichiban/prolog/engine/lexer.go:52.32,54.2 1 1
github.com/ichiban/prolog/engine/lexer.go:56.32,59.2 2 1
github.com/ichiban/prolog/engine/lexer.go:67.32,69.2 1 1
github.com/ichiban/prolog/engine/lexer.go:137.38,139.2 1 1
github.com/ichiban/prolog/engine/lexer.go:141.36,164.2 1 1
github.com/ichiban/prolog/engine/lexer.go:180.56,181.29 1 1
github.com/ichiban/prolog/engine/lexer.go:182.18,183.22 1 1
github.com/ichiban/prolog/engine/lexer.go:184.28,186.30 2 1
github.com/ichiban/prolog/engine/lexer.go:187.16,189.21 2 1
github.com/ichiban/prolog/engine/lexer.go:189.21,191.4 1 1
github.com/ichiban/prolog/engine/lexer.go:192.3,192.26 1 1
github.com/ichiban/prolog/engine/lexer.go:193.35,195.26 2 1
github.com/ichiban/prolog/engine/lexer.go:196.17,198.25 2 1
github.com/ichiban/prolog/engine/lexer.go:199.40,201.27 2 1
github.com/ichiban/prolog/engine/lexer.go:202.29,203.27 1 1
github.com/ichiban/prolog/engine/lexer.go:204.16,206.35 2 1
github.com/ichiban/prolog/engine/lexer.go:207.16,209.18 2 1
github.com/ichiban/prolog/engine/lexer.go:209.18,211.4 1 1
github.com/ichiban/prolog/engine/lexer.go:212.3,212.55 1 1
github.com/ichiban/prolog/engine/lexer.go:213.10,215.35 2 1
github.com/ichiban/prolog/engine/lexer.go:215.35,217.4 1 1
github.com/ichiban/prolog/engine/lexer.go:218.3,219.45 2 1
github.com/ichiban/prolog/engine/lexer.go:223.35,225.16 2 1
github.com/ichiban/prolog/engine/lexer.go:225.16,227.3 1 1
github.com/ichiban/prolog/engine/lexer.go:228.2,229.36 2 1
github.com/ichiban/prolog/engine/lexer.go:234.69,235.6 1 1
github.com/ichiban/prolog/engine/lexer.go:235.6,236.30 1 1
github.com/ichiban/prolog/engine/lexer.go:237.22,238.31 1 1
github.com/ichiban/prolog/engine/lexer.go:239.19,240.23 1 1
github.com/ichiban/prolog/engine/lexer.go:241.24,243.12 2 1
github.com/ichiban/prolog/engine/lexer.go:244.17,245.31 1 1
github.com/ichiban/prolog/engine/lexer.go:246.17,247.26 1 1
github.com/ichiban/prolog/engine/lexer.go:248.11,250.31 2 1
github.com/ichiban/prolog/engine/lexer.go:255.60,256.15 1 1
github.com/ichiban/prolog/engine/lexer.go:256.15,257.7 1 1
github.com/ichiban/prolog/engine/lexer.go:257.7,258.31 1 1
github.com/ichiban/prolog/engine/lexer.go:259.20,260.24 1 1
github.com/ichiban/prolog/engine/lexer.go:261.18,262.28 1 1
github.com/ichiban/prolog/engine/lexer.go:265.8,266.7 1 1
github.com/ichiban/prolog/engine/lexer.go:266.7,267.31 1 1
github.com/ichiban/prolog/engine/lexer.go:268.20,269.24 1 1
github.com/ichiban/prolog/engine/lexer.go:270.19,271.38 1 1
github.com/ichiban/prolog/engine/lexer.go:277.46,278.29 1 1
github.com/ichiban/prolog/engine/lexer.go:279.21,281.26 2 1
github.com/ichiban/prolog/engine/lexer.go:282.18,283.22 1 1
github.com/ichiban/prolog/engine/lexer.go:284.16,285.29 1 1
github.com/ichiban/prolog/engine/lexer.go:286.10,289.26 3 1
github.com/ichiban/prolog/engine/lexer.go:293.47,294.29 1 1
github.com/ichiban/prolog/engine/lexer.go:295.18,296.22 1 1
github.com/ichiban/prolog/engine/lexer.go:297.16,298.36 1 1
github.com/ichiban/prolog/engine/lexer.go:299.16,300.26 1 1
github.com/ichiban/prolog/engine/lexer.go:301.10,302.29 1 1
github.com/ichiban/prolog/engine/lexer.go:308.51,309.6 1 1
github.com/ichiban/prolog/engine/lexer.go:309.6,310.30 1 1
github.com/ichiban/prolog/engine/lexer.go:311.22,312.61 1 1
github.com/ichiban/prolog/engine/lexer.go:313.19,314.23 1 1
github.com/ichiban/prolog/engine/lexer.go:315.30,316.15 1 1
github.com/ichiban/prolog/engine/lexer.go:317.11,319.61 2 1
github.com/ichiban/prolog/engine/lexer.go:324.47,325.6 1 1
github.com/ichiban/prolog/engine/lexer.go:325.6,326.30 1 1
github.com/ichiban/prolog/engine/lexer.go:327.22,328.57 1 1
github.com/ichiban/prolog/engine/lexer.go:329.19,330.23 1 1
github.com/ichiban/prolog/engine/lexer.go:331.36,332.15 1 1
github.com/ichiban/prolog/engine/lexer.go:333.11,335.57 2 1
github.com/ichiban/prolog/engine/lexer.go:340.46,341.6 1 1
github.com/ichiban/prolog/engine/lexer.go:341.6,342.33 1 1
github.com/ichiban/prolog/engine/lexer.go:343.19,344.23 1 1
github.com/ichiban/prolog/engine/lexer.go:345.35,347.12 2 1
github.com/ichiban/prolog/engine/lexer.go:348.18,350.34 2 1
github.com/ichiban/prolog/engine/lexer.go:351.23,352.10 1 1
github.com/ichiban/prolog/engine/lexer.go:353.20,354.24 1 1
github.com/ichiban/prolog/engine/lexer.go:355.19,357.13 2 1
github.com/ichiban/prolog/engine/lexer.go:358.12,359.15 1 1
github.com/ichiban/prolog/engine/lexer.go:362.4,365.56 2 1
github.com/ichiban/prolog/engine/lexer.go:365.56,367.5 1 1
github.com/ichiban/prolog/engine/lexer.go:369.4,369.48 1 1
github.com/ichiban/prolog/engine/lexer.go:370.18,372.34 2 1
github.com/ichiban/prolog/engine/lexer.go:373.23,374.10 1 1
github.com/ichiban/prolog/engine/lexer.go:375.20,376.24 1 1
github.com/ichiban/prolog/engine/lexer.go:377.19,379.13 2 1
github.com/ichiban/prolog/engine/lexer.go:380.12,381.15 1 1
github.com/ichiban/prolog/engine/lexer.go:384.4,384.42 1 1
github.com/ichiban/prolog/engine/lexer.go:385.11,387.57 2 1
github.com/ichiban/prolog/engine/lexer.go:392.75,393.32 1 1
github.com/ichiban/prolog/engine/lexer.go:394.18,395.22 1 1
github.com/ichiban/prolog/engine/lexer.go:396.47,398.16 2 1
github.com/ichiban/prolog/engine/lexer.go:399.27,401.37 2 1
github.com/ichiban/prolog/engine/lexer.go:402.16,404.43 2 1
github.com/ichiban/prolog/engine/lexer.go:405.10,407.56 2 1
github.com/ichiban/prolog/engine/lexer.go:411.80,412.6 1 1
github.com/ichiban/prolog/engine/lexer.go:412.6,413.33 1 1
github.com/ichiban/prolog/engine/lexer.go:414.19,415.23 1 1
github.com/ichiban/prolog/engine/lexer.go:416.18,418.17 2 1
github.com/ichiban/prolog/engine/lexer.go:419.28,421.12 2 1
github.com/ichiban/prolog/engine/lexer.go:422.11,424.57 2 1
github.com/ichiban/prolog/engine/lexer.go:429.86,430.32 1 1
github.com/ichiban/prolog/engine/lexer.go:431.18,432.22 1 1
github.com/ichiban/prolog/engine/lexer.go:433.33,434.14 1 1
github.com/ichiban/prolog/engine/lexer.go:435.10,437.56 2 1
github.com/ichiban/prolog/engine/lexer.go:440.2,440.6 1 1
github.com/ichiban/prolog/engine/lexer.go:440.6,441.30 1 1
github.com/ichiban/prolog/engine/lexer.go:442.19,443.23 1 1
github.com/ichiban/prolog/engine/lexer.go:444.18,446.17 2 1
github.com/ichiban/prolog/engine/lexer.go:447.34,449.12 2 1
github.com/ichiban/prolog/engine/lexer.go:450.11,452.57 2 1
github.com/ichiban/prolog/engine/lexer.go:459.48,460.6 1 1
github.com/ichiban/prolog/engine/lexer.go:460.6,461.30 1 1
github.com/ichiban/prolog/engine/lexer.go:462.22,463.58 1 1
github.com/ichiban/prolog/engine/lexer.go:464.19,465.23 1 1
github.com/ichiban/prolog/engine/lexer.go:466.30,467.15 1 1
github.com/ichiban/prolog/engine/lexer.go:468.11,470.58 2 1
github.com/ichiban/prolog/engine/lexer.go:477.57,478.15 1 1
github.com/ichiban/prolog/engine/lexer.go:479.11,481.30 2 1
github.com/ichiban/prolog/engine/lexer.go:482.22,483.30 1 1
github.com/ichiban/prolog/engine/lexer.go:484.19,485.23 1 1
github.com/ichiban/prolog/engine/lexer.go:486.18,487.41 1 1
github.com/ichiban/prolog/engine/lexer.go:488.17,489.34 1 1
github.com/ichiban/prolog/engine/lexer.go:490.17,491.33 1 1
github.com/ichiban/prolog/engine/lexer.go:492.17,493.39 1 1
github.com/ichiban/prolog/engine/lexer.go:494.11,496.30 2 1
github.com/ichiban/prolog/engine/lexer.go:498.10,500.29 2 1
github.com/ichiban/prolog/engine/lexer.go:504.66,505.29 1 1
github.com/ichiban/prolog/engine/lexer.go:506.21,507.8 1 1
github.com/ichiban/prolog/engine/lexer.go:508.18,509.22 1 1
github.com/ichiban/prolog/engine/lexer.go:510.17,511.30 1 1
github.com/ichiban/prolog/engine/lexer.go:512.22,515.57 3 1
github.com/ichiban/prolog/engine/lexer.go:516.19,517.23 1 1
github.com/ichiban/prolog/engine/lexer.go:518.18,520.14 2 1
github.com/ichiban/prolog/engine/lexer.go:521.11,525.57 4 1
github.com/ichiban/prolog/engine/lexer.go:527.17,528.30 1 1
github.com/ichiban/prolog/engine/lexer.go:529.22,530.14 1 1
github.com/ichiban/prolog/engine/lexer.go:531.19,532.23 1 1
github.com/ichiban/prolog/engine/lexer.go:533.18,537.57 4 1
github.com/ichiban/prolog/engine/lexer.go:538.11,540.14 2 1
github.com/ichiban/prolog/engine/lexer.go:542.10,543.13 1 1
github.com/ichiban/prolog/engine/lexer.go:545.2,546.34 2 1
github.com/ichiban/prolog/engine/lexer.go:549.59,550.29 1 1
github.com/ichiban/prolog/engine/lexer.go:551.21,553.56 2 1
github.com/ichiban/prolog/engine/lexer.go:554.18,555.22 1 1
github.com/ichiban/prolog/engine/lexer.go:556.28,557.13 1 1
github.com/ichiban/prolog/engine/lexer.go:558.10,561.56 3 1
github.com/ichiban/prolog/engine/lexer.go:563.2,564.27 2 1
github.com/ichiban/prolog/engine/lexer.go:567.58,568.29 1 1
github.com/ichiban/prolog/engine/lexer.go:569.21,571.56 2 1
github.com/ichiban/prolog/engine/lexer.go:572.18,573.22 1 1
github.com/ichiban/prolog/engine/lexer.go:574.27,575.13 1 1
github.com/ichiban/prolog/engine/lexer.go:576.10,579.56 3 1
github.com/ichiban/prolog/engine/lexer.go:581.2,582.26 2 1
github.com/ichiban/prolog/engine/lexer.go:585.64,586.29 1 1
github.com/ichiban/prolog/engine/lexer.go:587.21,589.56 2 1
github.com/ichiban/prolog/engine/lexer.go:590.18,591.22 1 1
github.com/ichiban/prolog/engine/lexer.go:592.33,593.13 1 1
github.com/ichiban/prolog/engine/lexer.go:594.10,597.56 3 1
github.com/ichiban/prolog/engine/lexer.go:599.2,600.32 2 1
github.com/ichiban/prolog/engine/lexer.go:603.50,604.6 1 1
github.com/ichiban/prolog/engine/lexer.go:604.6,605.30 1 1
github.com/ichiban/prolog/engine/lexer.go:606.22,607.57 1 1
github.com/ichiban/prolog/engine/lexer.go:608.19,609.23 1 1
github.com/ichiban/prolog/engine/lexer.go:610.30,611.15 1 1
github.com/ichiban/prolog/engine/lexer.go:612.17,613.31 1 1
github.com/ichiban/prolog/engine/lexer.go:614.23,616.58 2 1
github.com/ichiban/prolog/engine/lexer.go:617.20,618.24 1 1
github.com/ichiban/prolog/engine/lexer.go:619.31,622.24 3 1
github.com/ichiban/prolog/engine/lexer.go:623.12,626.58 3 1
github.com/ichiban/prolog/engine/lexer.go:628.11,630.57 2 1
github.com/ichiban/prolog/engine/lexer.go:635.56,636.29 1 1
github.com/ichiban/prolog/engine/lexer.go:637.18,638.22 1 1
github.com/ichiban/prolog/engine/lexer.go:639.17,643.56 4 1
github.com/ichiban/prolog/engine/lexer.go:644.17,646.49 2 1
github.com/ichiban/prolog/engine/lexer.go:646.49,648.4 1 1
github.com/ichiban/prolog/engine/lexer.go:649.72,651.56 2 1
github.com/ichiban/prolog/engine/lexer.go:652.10,654.56 2 1
github.com/ichiban/prolog/engine/lexer.go:658.49,659.6 1 1
github.com/ichiban/prolog/engine/lexer.go:659.6,660.30 1 1
github.com/ichiban/prolog/engine/lexer.go:661.22,662.57 1 1
github.com/ichiban/prolog/engine/lexer.go:663.19,664.23 1 1
github.com/ichiban/prolog/engine/lexer.go:665.29,666.15 1 1
github.com/ichiban/prolog/engine/lexer.go:667.11,669.57 2 1
github.com/ichiban/prolog/engine/lexer.go:674.48,675.6 1 1
github.com/ichiban/prolog/engine/lexer.go:675.6,676.30 1 1
github.com/ichiban/prolog/engine/lexer.go:677.22,678.57 1 1
github.com/ichiban/prolog/engine/lexer.go:679.19,680.23 1 1
github.com/ichiban/prolog/engine/lexer.go:681.28,682.15 1 1
github.com/ichiban/prolog/engine/lexer.go:683.11,685.57 2 1
github.com/ichiban/prolog/engine/lexer.go:690.54,691.6 1 1
github.com/ichiban/prolog/engine/lexer.go:691.6,692.30 1 1
github.com/ichiban/prolog/engine/lexer.go:693.22,694.57 1 1
github.com/ichiban/prolog/engine/lexer.go:695.19,696.23 1 1
github.com/ichiban/prolog/engine/lexer.go:697.34,698.15 1 1
github.com/ichiban/prolog/engine/lexer.go:699.11,701.57 2 1
github.com/ichiban/prolog/engine/lexer.go:708.43,709.6 1 1
github.com/ichiban/prolog/engine/lexer.go:709.6,710.30 1 1
github.com/ichiban/prolog/engine/lexer.go:711.22,712.61 1 1
github.com/ichiban/prolog/engine/lexer.go:713.19,714.23 1 1
github.com/ichiban/prolog/engine/lexer.go:715.30,716.15 1 1
github.com/ichiban/prolog/engine/lexer.go:717.26,719.31 2 1
github.com/ichiban/prolog/engine/lexer.go:720.23,722.62 2 1
github.com/ichiban/prolog/engine/lexer.go:723.20,724.24 1 1
github.com/ichiban/prolog/engine/lexer.go:725.23,726.13 1 1
github.com/ichiban/prolog/engine/lexer.go:727.12,728.15 1 1
github.com/ichiban/prolog/engine/lexer.go:731.4,731.31 1 1
github.com/ichiban/prolog/engine/lexer.go:732.23,733.18 1 1
github.com/ichiban/prolog/engine/lexer.go:733.18,735.6 1 1
github.com/ichiban/prolog/engine/lexer.go:736.5,737.62 2 1
github.com/ichiban/prolog/engine/lexer.go:738.20,739.24 1 1
github.com/ichiban/prolog/engine/lexer.go:740.31,742.10 2 1
github.com/ichiban/prolog/engine/lexer.go:743.12,745.18 2 1
github.com/ichiban/prolog/engine/lexer.go:745.18,747.6 1 1
github.com/ichiban/prolog/engine/lexer.go:748.5,749.62 2 1
github.com/ichiban/prolog/engine/lexer.go:752.4,753.17 2 1
github.com/ichiban/prolog/engine/lexer.go:753.17,755.5 1 1
github.com/ichiban/prolog/engine/lexer.go:756.4,756.23 1 1
github.com/ichiban/prolog/engine/lexer.go:757.11,759.61 2 1
github.com/ichiban/prolog/engine/lexer.go:764.43,765.6 1 1
github.com/ichiban/prolog/engine/lexer.go:765.6,766.30 1 1
github.com/ichiban/prolog/engine/lexer.go:767.22,768.61 1 1
github.com/ichiban/prolog/engine/lexer.go:769.19,770.23 1 1
github.com/ichiban/prolog/engine/lexer.go:771.30,772.15 1 1
github.com/ichiban/prolog/engine/lexer.go:773.11,775.61 2 1
github.com/ichiban/prolog/engine/lexer.go:782.56,783.6 1 1
github.com/ichiban/prolog/engine/lexer.go:783.6,784.33 1 1
github.com/ichiban/prolog/engine/lexer.go:785.19,786.23 1 1
github.com/ichiban/prolog/engine/lexer.go:787.17,789.31 2 1
github.com/ichiban/prolog/engine/lexer.go:790.23,791.67 1 1
github.com/ichiban/prolog/engine/lexer.go:792.20,793.24 1 1
github.com/ichiban/prolog/engine/lexer.go:794.18,795.16 1 1
github.com/ichiban/prolog/engine/lexer.go:796.12,798.67 2 1
github.com/ichiban/prolog/engine/lexer.go:800.18,802.31 2 1
github.com/ichiban/prolog/engine/lexer.go:803.20,804.24 1 1
github.com/ichiban/prolog/engine/lexer.go:805.19,806.16 1 1
github.com/ichiban/prolog/engine/lexer.go:807.12,809.53 2 1
github.com/ichiban/prolog/engine/lexer.go:811.11,812.15 1 1
github.com/ichiban/prolog/engine/lexer.go:819.33,826.2 1 1
github.com/ichiban/prolog/engine/lexer.go:828.38,830.2 1 1
github.com/ichiban/prolog/engine/lexer.go:832.31,834.2 1 1
github.com/ichiban/prolog/engine/lexer.go:836.32,838.2 1 1
github.com/ichiban/prolog/engine/lexer.go:840.37,842.2 1 1
github.com/ichiban/prolog/engine/lexer.go:844.39,846.2 1 1
github.com/ichiban/prolog/engine/lexer.go:848.38,850.2 1 1
github.com/ichiban/prolog/engine/lexer.go:852.37,854.2 1 1
github.com/ichiban/prolog/engine/lexer.go:856.36,858.2 1 1
github.com/ichiban/prolog/engine/lexer.go:860.42,862.2 1 1
github.com/ichiban/prolog/engine/lexer.go:864.30,866.2 1 1
github.com/ichiban/prolog/engine/lexer.go:868.36,870.2 1 1
github.com/ichiban/prolog/engine/lexer.go:872.32,874.2 1 1
github.com/ichiban/prolog/engine/lexer.go:876.30,878.2 1 1
github.com/ichiban/prolog/engine/lexer.go:880.41,882.2 1 1
github.com/ichiban/prolog/engine/lexer.go:884.43,886.2 1 1
github.com/ichiban/prolog/engine/lexer.go:888.34,890.2 1 1
github.com/ichiban/prolog/engine/lexer.go:892.30,894.2 1 1
github.com/ichiban/prolog/engine/lexer.go:902.56,904.2 1 1
github.com/ichiban/prolog/engine/lexer.go:906.56,907.15 1 1
github.com/ichiban/prolog/engine/lexer.go:907.15,909.17 2 1
github.com/ichiban/prolog/engine/lexer.go:909.17,911.4 1 1
github.com/ichiban/prolog/engine/lexer.go:912.3,912.11 1 1
github.com/ichiban/prolog/engine/lexer.go:914.2,914.24 1 1
github.com/ichiban/prolog/engine/lexer.go:917.45,920.2 2 1
github.com/ichiban/prolog/engine/lexer.go:922.38,926.2 3 1
github.com/ichiban/prolog/engine/lexer.go:928.37,933.2 4 1
github.com/ichiban/prolog/engine/lexer.go:935.39,937.2 1 1
github.com/ichiban/prolog/engine/lexer.go:939.35,942.17 3 1
github.com/ichiban/prolog/engine/lexer.go:942.17,944.3 1 1
github.com/ichiban/prolog/engine/malloc.go:20.40,22.2 1 0
github.com/ichiban/prolog/engine/malloc.go:24.28,29.2 4 1
github.com/ichiban/prolog/engine/malloc.go:34.45,35.12 1 1
github.com/ichiban/prolog/engine/malloc.go:35.12,37.3 1 1
github.com/ichiban/prolog/engine/malloc.go:39.2,39.15 1 1
github.com/ichiban/prolog/engine/malloc.go:39.15,40.31 1 1
github.com/ichiban/prolog/engine/malloc.go:40.31,43.4 1 1
github.com/ichiban/prolog/engine/malloc.go:46.2,48.30 2 1
github.com/ichiban/prolog/engine/malloc.go:48.30,50.3 1 1
github.com/ichiban/prolog/engine/malloc.go:52.2,52.29 1 1
github.com/ichiban/prolog/engine/number.go:68.60,69.15 1 1
github.com/ichiban/prolog/engine/number.go:69.15,71.26 2 1
github.com/ichiban/prolog/engine/number.go:71.26,73.4 1 1
github.com/ichiban/prolog/engine/number.go:76.2,76.45 1 1
github.com/ichiban/prolog/engine/number.go:77.16,78.38 1 1
github.com/ichiban/prolog/engine/number.go:79.12,81.10 2 1
github.com/ichiban/prolog/engine/number.go:81.10,83.4 1 1
github.com/ichiban/prolog/engine/number.go:84.3,84.16 1 1
github.com/ichiban/prolog/engine/number.go:85.14,86.16 1 1
github.com/ichiban/prolog/engine/number.go:87.16,88.36 1 1
github.com/ichiban/prolog/engine/number.go:89.10,91.11 2 1
github.com/ichiban/prolog/engine/number.go:91.11,93.5 1 1
github.com/ichiban/prolog/engine/number.go:94.4,95.18 2 1
github.com/ichiban/prolog/engine/number.go:95.18,97.5 1 1
github.com/ichiban/prolog/engine/number.go:98.4,98.15 1 1
github.com/ichiban/prolog/engine/number.go:99.10,101.11 2 1
github.com/ichiban/prolog/engine/number.go:101.11,103.5 1 1
github.com/ichiban/prolog/engine/number.go:104.4,105.18 2 1
github.com/ichiban/prolog/engine/number.go:105.18,107.5 1 1
github.com/ichiban/prolog/engine/number.go:108.4,109.18 2 1
github.com/ichiban/prolog/engine/number.go:109.18,111.5 1 1
github.com/ichiban/prolog/engine/number.go:112.4,112.18 1 1
github.com/ichiban/prolog/engine/number.go:113.11,114.96 1 1
github.com/ichiban/prolog/engine/number.go:116.10,117.81 1 1
github.com/ichiban/prolog/engine/number.go:122.69,124.16 2 1
github.com/ichiban/prolog/engine/number.go:124.16,126.3 1 1
github.com/ichiban/prolog/engine/number.go:127.2,127.37 1 1
github.com/ichiban/prolog/engine/number.go:131.59,133.16 2 1
github.com/ichiban/prolog/engine/number.go:133.16,135.3 1 1
github.com/ichiban/prolog/engine/number.go:137.2,138.16 2 1
github.com/ichiban/prolog/engine/number.go:138.16,140.3 1 1
github.com/ichiban/prolog/engine/number.go:142.2,143.27 2 1
github.com/ichiban/prolog/engine/number.go:144.15,145.28 1 1
github.com/ichiban/prolog/engine/number.go:146.16,147.22 1 1
github.com/ichiban/prolog/engine/number.go:148.14,149.23 1 1
github.com/ichiban/prolog/engine/number.go:151.13,152.28 1 1
github.com/ichiban/prolog/engine/number.go:153.16,154.23 1 1
github.com/ichiban/prolog/engine/number.go:155.14,156.22 1 1
github.com/ichiban/prolog/engine/number.go:159.2,159.9 1 1
github.com/ichiban/prolog/engine/number.go:159.9,161.3 1 1
github.com/ichiban/prolog/engine/number.go:162.2,162.15 1 1
github.com/ichiban/prolog/engine/number.go:166.62,168.16 2 1
github.com/ichiban/prolog/engine/number.go:168.16,170.3 1 1
github.com/ichiban/prolog/engine/number.go:172.2,173.16 2 1
github.com/ichiban/prolog/engine/number.go:173.16,175.3 1 1
github.com/ichiban/prolog/engine/number.go:177.2,178.27 2 1
github.com/ichiban/prolog/engine/number.go:179.15,180.28 1 1
github.com/ichiban/prolog/engine/number.go:181.16,182.23 1 1
github.com/ichiban/prolog/engine/number.go:183.14,184.24 1 1
github.com/ichiban/prolog/engine/number.go:186.13,187.28 1 1
github.com/ichiban/prolog/engine/number.go:188.16,189.24 1 1
github.com/ichiban/prolog/engine/number.go:190.14,191.23 1 1
github.com/ichiban/prolog/engine/number.go:194.2,194.9 1 1
github.com/ichiban/prolog/engine/number.go:194.9,196.3 1 1
github.com/ichiban/prolog/engine/number.go:197.2,197.15 1 1
github.com/ichiban/prolog/engine/number.go:201.62,203.16 2 1
github.com/ichiban/prolog/engine/number.go:203.16,205.3 1 1
github.com/ichiban/prolog/engine/number.go:207.2,208.16 2 1
github.com/ichiban/prolog/engine/number.go:208.16,210.3 1 1
github.com/ichiban/prolog/engine/number.go:212.2,213.27 2 1
github.com/ichiban/prolog/engine/number.go:214.15,215.28 1 1
github.com/ichiban/prolog/engine/number.go:216.16,217.23 1 1
github.com/ichiban/prolog/engine/number.go:218.14,219.24 1 1
github.com/ichiban/prolog/engine/number.go:221.13,222.28 1 1
github.com/ichiban/prolog/engine/number.go:223.16,224.24 1 1
github.com/ichiban/prolog/engine/number.go:225.14,226.23 1 1
github.com/ichiban/prolog/engine/number.go:229.2,229.9 1 1
github.com/ichiban/prolog/engine/number.go:229.9,231.3 1 1
github.com/ichiban/prolog/engine/number.go:232.2,232.15 1 1
github.com/ichiban/prolog/engine/number.go:236.65,238.16 2 1
github.com/ichiban/prolog/engine/number.go:238.16,240.3 1 1
github.com/ichiban/prolog/engine/number.go:242.2,243.16 2 1
github.com/ichiban/prolog/engine/number.go:243.16,245.3 1 1
github.com/ichiban/prolog/engine/number.go:247.2,248.27 2 1
github.com/ichiban/prolog/engine/number.go:249.15,250.28 1 1
github.com/ichiban/prolog/engine/number.go:251.16,252.23 1 1
github.com/ichiban/prolog/engine/number.go:253.14,254.24 1 1
github.com/ichiban/prolog/engine/number.go:256.13,257.28 1 1
github.com/ichiban/prolog/engine/number.go:258.16,259.24 1 1
github.com/ichiban/prolog/engine/number.go:260.14,261.23 1 1
github.com/ichiban/prolog/engine/number.go:264.2,264.9 1 1
github.com/ichiban/prolog/engine/number.go:264.9,266.3 1 1
github.com/ichiban/prolog/engine/number.go:267.2,267.15 1 1
github.com/ichiban/prolog/engine/number.go:271.69,273.16 2 1
github.com/ichiban/prolog/engine/number.go:273.16,275.3 1 1
github.com/ichiban/prolog/engine/number.go:277.2,278.16 2 1
github.com/ichiban/prolog/engine/number.go:278.16,280.3 1 1
github.com/ichiban/prolog/engine/number.go:282.2,283.27 2 1
github.com/ichiban/prolog/engine/number.go:284.15,285.28 1 1
github.com/ichiban/prolog/engine/number.go:286.16,287.23 1 1
github.com/ichiban/prolog/engine/number.go:288.14,289.24 1 1
github.com/ichiban/prolog/engine/number.go:291.13,292.28 1 1
github.com/ichiban/prolog/engine/number.go:293.16,294.24 1 1
github.com/ichiban/prolog/engine/number.go:295.14,296.23 1 1
github.com/ichiban/prolog/engine/number.go:299.2,299.9 1 1
github.com/ichiban/prolog/engine/number.go:299.9,301.3 1 1
github.com/ichiban/prolog/engine/number.go:302.2,302.15 1 1
github.com/ichiban/prolog/engine/number.go:306.72,308.16 2 1
github.com/ichiban/prolog/engine/number.go:308.16,310.3 1 1
github.com/ichiban/prolog/engine/number.go:312.2,313.16 2 1
github.com/ichiban/prolog/engine/number.go:313.16,315.3 1 1
github.com/ichiban/prolog/engine/number.go:317.2,318.27 2 1
github.com/ichiban/prolog/engine/number.go:319.15,320.28 1 1
github.com/ichiban/prolog/engine/number.go:321.16,322.23 1 1
github.com/ichiban/prolog/engine/number.go:323.14,324.24 1 1
github.com/ichiban/prolog/engine/number.go:326.13,327.28 1 1
github.com/ichiban/prolog/engine/number.go:328.16,329.24 1 1
github.com/ichiban/prolog/engine/number.go:330.14,331.23 1 1
github.com/ichiban/prolog/engine/number.go:334.2,334.9 1 1
github.com/ichiban/prolog/engine/number.go:334.9,336.3 1 1
github.com/ichiban/prolog/engine/number.go:337.2,337.15 1 1
github.com/ichiban/prolog/engine/number.go:341.39,342.23 1 1
github.com/ichiban/prolog/engine/number.go:343.15,344.24 1 1
github.com/ichiban/prolog/engine/number.go:345.16,346.21 1 1
github.com/ichiban/prolog/engine/number.go:347.14,348.22 1 1
github.com/ichiban/prolog/engine/number.go:350.13,351.24 1 1
github.com/ichiban/prolog/engine/number.go:352.16,353.22 1 1
github.com/ichiban/prolog/engine/number.go:354.14,355.21 1 1
github.com/ichiban/prolog/engine/number.go:358.2,358.39 1 1
github.com/ichiban/prolog/engine/number.go:362.39,363.23 1 1
github.com/ichiban/prolog/engine/number.go:364.15,365.24 1 1
github.com/ichiban/prolog/engine/number.go:366.16,367.21 1 1
github.com/ichiban/prolog/engine/number.go:368.14,369.22 1 1
github.com/ichiban/prolog/engine/number.go:371.13,372.24 1 1
github.com/ichiban/prolog/engine/number.go:373.16,374.22 1 1
github.com/ichiban/prolog/engine/number.go:375.14,376.21 1 1
github.com/ichiban/prolog/engine/number.go:379.2,379.39 1 1
github.com/ichiban/prolog/engine/number.go:383.39,384.23 1 1
github.com/ichiban/prolog/engine/number.go:385.15,386.24 1 1
github.com/ichiban/prolog/engine/number.go:387.16,388.21 1 1
github.com/ichiban/prolog/engine/number.go:389.14,390.22 1 1
github.com/ichiban/prolog/engine/number.go:392.13,393.24 1 1
github.com/ichiban/prolog/engine/number.go:394.16,395.22 1 1
github.com/ichiban/prolog/engine/number.go:396.14,397.21 1 1
github.com/ichiban/prolog/engine/number.go:400.2,400.39 1 1
github.com/ichiban/prolog/engine/number.go:404.42,405.23 1 1
github.com/ichiban/prolog/engine/number.go:406.15,407.24 1 1
github.com/ichiban/prolog/engine/number.go:408.16,409.24 1 1
github.com/ichiban/prolog/engine/number.go:410.11,411.51 1 1
github.com/ichiban/prolog/engine/number.go:413.10,414.50 1 1
github.com/ichiban/prolog/engine/number.go:419.39,420.23 1 1
github.com/ichiban/prolog/engine/number.go:421.15,422.24 1 1
github.com/ichiban/prolog/engine/number.go:423.16,424.22 1 1
github.com/ichiban/prolog/engine/number.go:425.14,426.22 1 1
github.com/ichiban/prolog/engine/number.go:428.13,429.24 1 1
github.com/ichiban/prolog/engine/number.go:430.16,431.22 1 1
github.com/ichiban/prolog/engine/number.go:432.14,433.21 1 1
github.com/ichiban/prolog/engine/number.go:436.2,436.39 1 1
github.com/ichiban/prolog/engine/number.go:440.39,441.23 1 1
github.com/ichiban/prolog/engine/number.go:442.15,443.24 1 1
github.com/ichiban/prolog/engine/number.go:444.16,445.21 1 1
github.com/ichiban/prolog/engine/number.go:446.11,447.51 1 1
github.com/ichiban/prolog/engine/number.go:449.10,450.50 1 1
github.com/ichiban/prolog/engine/number.go:455.39,456.23 1 1
github.com/ichiban/prolog/engine/number.go:457.15,458.24 1 1
github.com/ichiban/prolog/engine/number.go:459.16,460.21 1 1
github.com/ichiban/prolog/engine/number.go:461.11,462.51 1 1
github.com/ichiban/prolog/engine/number.go:464.10,465.50 1 1
github.com/ichiban/prolog/engine/number.go:470.36,471.23 1 1
github.com/ichiban/prolog/engine/number.go:472.15,473.17 1 1
github.com/ichiban/prolog/engine/number.go:474.13,475.22 1 1
github.com/ichiban/prolog/engine/number.go:476.10,477.40 1 1
github.com/ichiban/prolog/engine/number.go:482.36,483.23 1 1
github.com/ichiban/prolog/engine/number.go:484.15,485.17 1 1
github.com/ichiban/prolog/engine/number.go:486.13,487.22 1 1
github.com/ichiban/prolog/engine/number.go:488.10,489.40 1 1
github.com/ichiban/prolog/engine/number.go:494.37,495.23 1 1
github.com/ichiban/prolog/engine/number.go:496.15,497.23 1 1
github.com/ichiban/prolog/engine/number.go:498.13,499.23 1 1
github.com/ichiban/prolog/engine/number.go:500.10,501.40 1 1
github.com/ichiban/prolog/engine/number.go:506.49,507.23 1 1
github.com/ichiban/prolog/engine/number.go:508.13,509.26 1 1
github.com/ichiban/prolog/engine/number.go:510.10,511.48 1 1
github.com/ichiban/prolog/engine/number.go:516.52,517.23 1 1
github.com/ichiban/prolog/engine/number.go:518.13,519.28 1 1
github.com/ichiban/prolog/engine/number.go:520.10,521.48 1 1
github.com/ichiban/prolog/engine/number.go:526.40,527.23 1 1
github.com/ichiban/prolog/engine/number.go:528.15,529.27 1 1
github.com/ichiban/prolog/engine/number.go:530.13,531.27 1 1
github.com/ichiban/prolog/engine/number.go:532.10,533.40 1 1
github.com/ichiban/prolog/engine/number.go:538.38,539.23 1 1
github.com/ichiban/prolog/engine/number.go:540.13,541.22 1 1
github.com/ichiban/prolog/engine/number.go:542.10,543.48 1 1
github.com/ichiban/prolog/engine/number.go:548.41,549.23 1 1
github.com/ichiban/prolog/engine/number.go:550.13,551.25 1 1
github.com/ichiban/prolog/engine/number.go:552.10,553.48 1 1
github.com/ichiban/prolog/engine/number.go:558.38,559.23 1 1
github.com/ichiban/prolog/engine/number.go:560.13,561.22 1 1
github.com/ichiban/prolog/engine/number.go:562.10,563.48 1 1
github.com/ichiban/prolog/engine/number.go:568.40,569.23 1 1
github.com/ichiban/prolog/engine/number.go:570.13,571.24 1 1
github.com/ichiban/prolog/engine/number.go:572.10,573.48 1 1
github.com/ichiban/prolog/engine/number.go:578.41,580.23 2 1
github.com/ichiban/prolog/engine/number.go:581.15,582.18 1 1
github.com/ichiban/prolog/engine/number.go:583.13,584.18 1 1
github.com/ichiban/prolog/engine/number.go:585.10,586.40 1 1
github.com/ichiban/prolog/engine/number.go:589.2,590.23 2 1
github.com/ichiban/prolog/engine/number.go:591.15,592.18 1 1
github.com/ichiban/prolog/engine/number.go:593.13,594.18 1 1
github.com/ichiban/prolog/engine/number.go:595.10,596.40 1 1
github.com/ichiban/prolog/engine/number.go:600.2,600.23 1 1
github.com/ichiban/prolog/engine/number.go:600.23,602.3 1 1
github.com/ichiban/prolog/engine/number.go:604.2,606.9 2 1
github.com/ichiban/prolog/engine/number.go:607.33,608.44 1 1
github.com/ichiban/prolog/engine/number.go:609.25,610.40 1 1
github.com/ichiban/prolog/engine/number.go:611.30,612.40 1 1
github.com/ichiban/prolog/engine/number.go:613.10,614.16 1 1
github.com/ichiban/prolog/engine/number.go:619.36,620.23 1 1
github.com/ichiban/prolog/engine/number.go:621.15,622.42 1 1
github.com/ichiban/prolog/engine/number.go:623.13,624.42 1 1
github.com/ichiban/prolog/engine/number.go:625.10,626.40 1 1
github.com/ichiban/prolog/engine/number.go:631.36,632.23 1 1
github.com/ichiban/prolog/engine/number.go:633.15,634.42 1 1
github.com/ichiban/prolog/engine/number.go:635.13,636.42 1 1
github.com/ichiban/prolog/engine/number.go:637.10,638.40 1 1
github.com/ichiban/prolog/engine/number.go:643.37,644.23 1 1
github.com/ichiban/prolog/engine/number.go:645.15,646.43 1 1
github.com/ichiban/prolog/engine/number.go:647.13,648.43 1 1
github.com/ichiban/prolog/engine/number.go:649.10,650.40 1 1
github.com/ichiban/prolog/engine/number.go:655.36,657.23 2 1
github.com/ichiban/prolog/engine/number.go:658.15,659.18 1 1
github.com/ichiban/prolog/engine/number.go:660.13,661.18 1 1
github.com/ichiban/prolog/engine/number.go:662.10,663.40 1 1
github.com/ichiban/prolog/engine/number.go:671.2,671.36 1 1
github.com/ichiban/prolog/engine/number.go:671.36,673.3 1 1
github.com/ichiban/prolog/engine/number.go:675.2,677.12 2 1
github.com/ichiban/prolog/engine/number.go:677.12,679.3 1 1
github.com/ichiban/prolog/engine/number.go:681.2,681.15 1 1
github.com/ichiban/prolog/engine/number.go:685.36,687.23 2 1
github.com/ichiban/prolog/engine/number.go:688.15,689.18 1 1
github.com/ichiban/prolog/engine/number.go:690.13,691.18 1 1
github.com/ichiban/prolog/engine/number.go:692.10,693.40 1 1
github.com/ichiban/prolog/engine/number.go:696.2,696.13 1 1
github.com/ichiban/prolog/engine/number.go:696.13,698.3 1 1
github.com/ichiban/prolog/engine/number.go:700.2,700.33 1 1
github.com/ichiban/prolog/engine/number.go:704.37,706.23 2 1
github.com/ichiban/prolog/engine/number.go:707.15,708.18 1 1
github.com/ichiban/prolog/engine/number.go:709.13,710.18 1 1
github.com/ichiban/prolog/engine/number.go:711.10,712.40 1 1
github.com/ichiban/prolog/engine/number.go:715.2,715.12 1 1
github.com/ichiban/prolog/engine/number.go:715.12,717.3 1 1
github.com/ichiban/prolog/engine/number.go:719.2,719.34 1 1
github.com/ichiban/prolog/engine/number.go:723.53,724.23 1 1
github.com/ichiban/prolog/engine/number.go:725.15,726.24 1 1
github.com/ichiban/prolog/engine/number.go:727.16,728.31 1 1
github.com/ichiban/prolog/engine/number.go:729.11,730.51 1 1
github.com/ichiban/prolog/engine/number.go:732.10,733.50 1 1
github.com/ichiban/prolog/engine/number.go:738.52,739.23 1 1
github.com/ichiban/prolog/engine/number.go:740.15,741.24 1 1
github.com/ichiban/prolog/engine/number.go:742.16,743.31 1 1
github.com/ichiban/prolog/engine/number.go:744.11,745.51 1 1
github.com/ichiban/prolog/engine/number.go:747.10,748.50 1 1
github.com/ichiban/prolog/engine/number.go:753.48,754.25 1 1
github.com/ichiban/prolog/engine/number.go:755.15,756.26 1 1
github.com/ichiban/prolog/engine/number.go:757.16,758.23 1 1
github.com/ichiban/prolog/engine/number.go:759.11,760.52 1 1
github.com/ichiban/prolog/engine/number.go:762.10,763.51 1 1
github.com/ichiban/prolog/engine/number.go:768.47,769.25 1 1
github.com/ichiban/prolog/engine/number.go:770.15,771.26 1 1
github.com/ichiban/prolog/engine/number.go:772.16,773.23 1 1
github.com/ichiban/prolog/engine/number.go:774.11,775.52 1 1
github.com/ichiban/prolog/engine/number.go:777.10,778.51 1 1
github.com/ichiban/prolog/engine/number.go:783.51,784.25 1 1
github.com/ichiban/prolog/engine/number.go:785.15,786.18 1 1
github.com/ichiban/prolog/engine/number.go:787.10,788.51 1 1
github.com/ichiban/prolog/engine/number.go:793.36,794.23 1 1
github.com/ichiban/prolog/engine/number.go:795.15,796.17 1 1
github.com/ichiban/prolog/engine/number.go:797.13,798.17 1 1
github.com/ichiban/prolog/engine/number.go:799.10,800.40 1 1
github.com/ichiban/prolog/engine/number.go:805.47,806.23 1 1
github.com/ichiban/prolog/engine/number.go:807.15,808.24 1 1
github.com/ichiban/prolog/engine/number.go:809.16,810.29 1 1
github.com/ichiban/prolog/engine/number.go:811.11,812.51 1 1
github.com/ichiban/prolog/engine/number.go:814.10,815.50 1 1
github.com/ichiban/prolog/engine/number.go:820.39,821.23 1 1
github.com/ichiban/prolog/engine/number.go:822.15,823.24 1 1
github.com/ichiban/prolog/engine/number.go:824.16,825.13 1 1
github.com/ichiban/prolog/engine/number.go:825.13,827.5 1 1
github.com/ichiban/prolog/engine/number.go:828.4,828.17 1 1
github.com/ichiban/prolog/engine/number.go:829.14,830.24 1 1
github.com/ichiban/prolog/engine/number.go:830.24,832.5 1 1
github.com/ichiban/prolog/engine/number.go:833.4,833.17 1 1
github.com/ichiban/prolog/engine/number.go:834.11,835.41 1 1
github.com/ichiban/prolog/engine/number.go:837.13,838.24 1 1
github.com/ichiban/prolog/engine/number.go:839.16,840.24 1 1
github.com/ichiban/prolog/engine/number.go:840.24,842.5 1 1
github.com/ichiban/prolog/engine/number.go:843.4,843.17 1 1
github.com/ichiban/prolog/engine/number.go:844.14,845.13 1 1
github.com/ichiban/prolog/engine/number.go:845.13,847.5 1 1
github.com/ichiban/prolog/engine/number.go:848.4,848.17 1 1
github.com/ichiban/prolog/engine/number.go:849.11,850.41 1 1
github.com/ichiban/prolog/engine/number.go:852.10,853.40 1 1
github.com/ichiban/prolog/engine/number.go:858.39,859.23 1 1
github.com/ichiban/prolog/engine/number.go:860.15,861.24 1 1
github.com/ichiban/prolog/engine/number.go:862.16,863.13 1 1
github.com/ichiban/prolog/engine/number.go:863.13,865.5 1 1
github.com/ichiban/prolog/engine/number.go:866.4,866.17 1 1
github.com/ichiban/prolog/engine/number.go:867.14,868.24 1 1
github.com/ichiban/prolog/engine/number.go:868.24,870.5 1 1
github.com/ichiban/prolog/engine/number.go:871.4,871.17 1 1
github.com/ichiban/prolog/engine/number.go:872.11,873.41 1 1
github.com/ichiban/prolog/engine/number.go:875.13,876.24 1 1
github.com/ichiban/prolog/engine/number.go:877.16,878.24 1 1
github.com/ichiban/prolog/engine/number.go:878.24,880.5 1 1
github.com/ichiban/prolog/engine/number.go:881.4,881.17 1 1
github.com/ichiban/prolog/engine/number.go:882.14,883.13 1 1
github.com/ichiban/prolog/engine/number.go:883.13,885.5 1 1
github.com/ichiban/prolog/engine/number.go:886.4,886.17 1 1
github.com/ichiban/prolog/engine/number.go:887.11,888.41 1 1
github.com/ichiban/prolog/engine/number.go:890.10,891.40 1 1
github.com/ichiban/prolog/engine/number.go:896.48,898.9 2 1
github.com/ichiban/prolog/engine/number.go:898.9,900.3 1 1
github.com/ichiban/prolog/engine/number.go:902.2,903.9 2 1
github.com/ichiban/prolog/engine/number.go:903.9,905.3 1 1
github.com/ichiban/prolog/engine/number.go:907.2,907.12 1 1
github.com/ichiban/prolog/engine/number.go:907.12,908.13 1 1
github.com/ichiban/prolog/engine/number.go:909.10,910.41 1 1
github.com/ichiban/prolog/engine/number.go:911.14,913.18 2 1
github.com/ichiban/prolog/engine/number.go:913.18,915.5 1 1
github.com/ichiban/prolog/engine/number.go:916.4,917.24 2 1
github.com/ichiban/prolog/engine/number.go:918.11,919.50 1 1
github.com/ichiban/prolog/engine/number.go:923.2,923.23 1 1
github.com/ichiban/prolog/engine/number.go:927.44,932.6 2 1
github.com/ichiban/prolog/engine/number.go:932.6,933.15 1 1
github.com/ichiban/prolog/engine/number.go:933.15,935.18 2 1
github.com/ichiban/prolog/engine/number.go:935.18,937.5 1 1
github.com/ichiban/prolog/engine/number.go:940.3,941.13 2 1
github.com/ichiban/prolog/engine/number.go:941.13,942.9 1 1
github.com/ichiban/prolog/engine/number.go:945.3,946.17 2 1
github.com/ichiban/prolog/engine/number.go:946.17,948.4 1 1
github.com/ichiban/prolog/engine/number.go:950.2,950.15 1 1
github.com/ichiban/prolog/engine/number.go:954.37,956.23 2 1
github.com/ichiban/prolog/engine/number.go:957.15,958.18 1 1
github.com/ichiban/prolog/engine/number.go:959.13,960.18 1 1
github.com/ichiban/prolog/engine/number.go:961.10,962.40 1 1
github.com/ichiban/prolog/engine/number.go:965.2,965.23 1 1
github.com/ichiban/prolog/engine/number.go:965.23,967.3 1 1
github.com/ichiban/prolog/engine/number.go:969.2,969.34 1 1
github.com/ichiban/prolog/engine/number.go:973.37,975.23 2 1
github.com/ichiban/prolog/engine/number.go:976.15,977.18 1 1
github.com/ichiban/prolog/engine/number.go:978.13,979.18 1 1
github.com/ichiban/prolog/engine/number.go:980.10,981.40 1 1
github.com/ichiban/prolog/engine/number.go:984.2,984.23 1 1
github.com/ichiban/prolog/engine/number.go:984.23,986.3 1 1
github.com/ichiban/prolog/engine/number.go:988.2,988.34 1 1
github.com/ichiban/prolog/engine/number.go:992.41,994.23 2 1
github.com/ichiban/prolog/engine/number.go:995.15,996.18 1 1
github.com/ichiban/prolog/engine/number.go:997.13,998.18 1 1
github.com/ichiban/prolog/engine/number.go:999.10,1000.40 1 1
github.com/ichiban/prolog/engine/number.go:1003.2,1004.23 2 1
github.com/ichiban/prolog/engine/number.go:1005.15,1006.18 1 1
github.com/ichiban/prolog/engine/number.go:1007.13,1008.18 1 1
github.com/ichiban/prolog/engine/number.go:1009.10,1010.40 1 1
github.com/ichiban/prolog/engine/number.go:1013.2,1013.24 1 1
github.com/ichiban/prolog/engine/number.go:1013.24,1015.3 1 1
github.com/ichiban/prolog/engine/number.go:1017.2,1017.39 1 1
github.com/ichiban/prolog/engine/number.go:1021.36,1023.23 2 1
github.com/ichiban/prolog/engine/number.go:1024.15,1025.18 1 1
github.com/ichiban/prolog/engine/number.go:1026.13,1027.18 1 1
github.com/ichiban/prolog/engine/number.go:1028.10,1029.40 1 1
github.com/ichiban/prolog/engine/number.go:1032.2,1032.33 1 1
github.com/ichiban/prolog/engine/number.go:1036.39,1038.9 2 1
github.com/ichiban/prolog/engine/number.go:1038.9,1040.3 1 1
github.com/ichiban/prolog/engine/number.go:1042.2,1043.9 2 1
github.com/ichiban/prolog/engine/number.go:1043.9,1045.3 1 1
github.com/ichiban/prolog/engine/number.go:1047.2,1047.21 1 1
github.com/ichiban/prolog/engine/number.go:1052.27,1054.2 1 1
github.com/ichiban/prolog/engine/number.go:1056.29,1058.2 1 1
github.com/ichiban/prolog/engine/number.go:1060.36,1063.2 2 1
github.com/ichiban/prolog/engine/number.go:1065.36,1067.2 1 1
github.com/ichiban/prolog/engine/number.go:1069.28,1071.2 1 1
github.com/ichiban/prolog/engine/number.go:1073.30,1075.2 1 1
github.com/ichiban/prolog/engine/number.go:1077.37,1080.2 2 1
github.com/ichiban/prolog/engine/number.go:1082.37,1084.2 1 1
github.com/ichiban/prolog/engine/number.go:1086.28,1088.2 1 1
github.com/ichiban/prolog/engine/number.go:1090.30,1092.2 1 1
github.com/ichiban/prolog/engine/number.go:1094.37,1097.2 2 1
github.com/ichiban/prolog/engine/number.go:1099.37,1101.2 1 1
github.com/ichiban/prolog/engine/number.go:1103.28,1105.2 1 1
github.com/ichiban/prolog/engine/number.go:1107.30,1109.2 1 1
github.com/ichiban/prolog/engine/number.go:1111.37,1114.2 2 1
github.com/ichiban/prolog/engine/number.go:1116.37,1118.2 1 1
github.com/ichiban/prolog/engine/number.go:1120.28,1122.2 1 1
github.com/ichiban/prolog/engine/number.go:1124.30,1126.2 1 1
github.com/ichiban/prolog/engine/number.go:1128.37,1131.2 2 1
github.com/ichiban/prolog/engine/number.go:1133.37,1135.2 1 1
github.com/ichiban/prolog/engine/number.go:1137.28,1139.2 1 1
github.com/ichiban/prolog/engine/number.go:1141.30,1143.2 1 1
github.com/ichiban/prolog/engine/number.go:1145.37,1148.2 2 1
github.com/ichiban/prolog/engine/number.go:1150.37,1152.2 1 1
github.com/ichiban/prolog/engine/number.go:1156.33,1158.2 1 1
github.com/ichiban/prolog/engine/number.go:1160.31,1162.2 1 1
github.com/ichiban/prolog/engine/number.go:1164.42,1166.48 2 1
github.com/ichiban/prolog/engine/number.go:1166.48,1168.3 1 1
github.com/ichiban/prolog/engine/number.go:1169.2,1169.24 1 1
github.com/ichiban/prolog/engine/number.go:1172.45,1174.48 2 1
github.com/ichiban/prolog/engine/number.go:1174.48,1176.3 1 1
github.com/ichiban/prolog/engine/number.go:1177.2,1177.24 1 1
github.com/ichiban/prolog/engine/number.go:1180.42,1182.48 2 1
github.com/ichiban/prolog/engine/number.go:1182.48,1184.3 1 1
github.com/ichiban/prolog/engine/number.go:1185.2,1185.24 1 1
github.com/ichiban/prolog/engine/number.go:1188.44,1190.48 2 1
github.com/ichiban/prolog/engine/number.go:1190.48,1192.3 1 1
github.com/ichiban/prolog/engine/number.go:1193.2,1193.24 1 1
github.com/ichiban/prolog/engine/number.go:1198.42,1199.9 1 1
github.com/ichiban/prolog/engine/number.go:1200.29,1201.40 1 1
github.com/ichiban/prolog/engine/number.go:1202.29,1203.40 1 1
github.com/ichiban/prolog/engine/number.go:1204.10,1205.20 1 1
github.com/ichiban/prolog/engine/number.go:1209.42,1210.9 1 1
github.com/ichiban/prolog/engine/number.go:1211.29,1212.40 1 1
github.com/ichiban/prolog/engine/number.go:1213.29,1214.40 1 1
github.com/ichiban/prolog/engine/number.go:1215.10,1216.20 1 1
github.com/ichiban/prolog/engine/number.go:1220.42,1221.9 1 1
github.com/ichiban/prolog/engine/number.go:1222.30,1223.40 1 1
github.com/ichiban/prolog/engine/number.go:1224.30,1225.40 1 1
github.com/ichiban/prolog/engine/number.go:1226.14,1227.16 1 1
github.com/ichiban/prolog/engine/number.go:1228.10,1230.15 2 1
github.com/ichiban/prolog/engine/number.go:1230.15,1232.4 1 1
github.com/ichiban/prolog/engine/number.go:1233.3,1233.16 1 1
github.com/ichiban/prolog/engine/number.go:1237.45,1238.9 1 1
github.com/ichiban/prolog/engine/number.go:1239.14,1240.40 1 1
github.com/ichiban/prolog/engine/number.go:1241.30,1243.40 1 1
github.com/ichiban/prolog/engine/number.go:1244.10,1245.20 1 1
github.com/ichiban/prolog/engine/number.go:1249.42,1250.12 1 1
github.com/ichiban/prolog/engine/number.go:1250.12,1252.3 1 1
github.com/ichiban/prolog/engine/number.go:1253.2,1253.31 1 1
github.com/ichiban/prolog/engine/number.go:1256.42,1257.12 1 1
github.com/ichiban/prolog/engine/number.go:1257.12,1259.3 1 1
github.com/ichiban/prolog/engine/number.go:1260.2,1260.66 1 1
github.com/ichiban/prolog/engine/number.go:1263.39,1265.17 1 1
github.com/ichiban/prolog/engine/number.go:1265.17,1267.3 1 1
github.com/ichiban/prolog/engine/number.go:1268.2,1268.16 1 1
github.com/ichiban/prolog/engine/number.go:1271.39,1272.9 1 1
github.com/ichiban/prolog/engine/number.go:1273.19,1274.40 1 1
github.com/ichiban/prolog/engine/number.go:1275.13,1276.17 1 1
github.com/ichiban/prolog/engine/number.go:1277.10,1278.16 1 1
github.com/ichiban/prolog/engine/number.go:1282.31,1283.9 1 1
github.com/ichiban/prolog/engine/number.go:1284.13,1285.11 1 1
github.com/ichiban/prolog/engine/number.go:1286.13,1287.12 1 1
github.com/ichiban/prolog/engine/number.go:1288.10,1289.11 1 1
github.com/ichiban/prolog/engine/number.go:1293.39,1295.2 1 1
github.com/ichiban/prolog/engine/number.go:1297.50,1298.9 1 1
github.com/ichiban/prolog/engine/number.go:1299.30,1300.40 1 1
github.com/ichiban/prolog/engine/number.go:1301.14,1302.40 1 1
github.com/ichiban/prolog/engine/number.go:1303.10,1304.59 1 1
github.com/ichiban/prolog/engine/number.go:1310.38,1311.9 1 1
github.com/ichiban/prolog/engine/number.go:1312.38,1313.42 1 1
github.com/ichiban/prolog/engine/number.go:1314.39,1315.42 1 1
github.com/ichiban/prolog/engine/number.go:1318.2,1318.19 1 1
github.com/ichiban/prolog/engine/number.go:1321.38,1323.2 1 1
github.com/ichiban/prolog/engine/number.go:1325.38,1326.9 1 1
github.com/ichiban/prolog/engine/number.go:1327.39,1328.42 1 1
github.com/ichiban/prolog/engine/number.go:1329.40,1330.42 1 1
github.com/ichiban/prolog/engine/number.go:1333.2,1336.32 2 1
github.com/ichiban/prolog/engine/number.go:1336.32,1338.3 1 1
github.com/ichiban/prolog/engine/number.go:1340.2,1340.15 1 1
github.com/ichiban/prolog/engine/number.go:1343.38,1344.9 1 1
github.com/ichiban/prolog/engine/number.go:1345.14,1346.40 1 1
github.com/ichiban/prolog/engine/number.go:1347.29,1348.42 1 1
github.com/ichiban/prolog/engine/number.go:1349.30,1350.42 1 1
github.com/ichiban/prolog/engine/number.go:1353.2,1356.22 2 1
github.com/ichiban/prolog/engine/number.go:1356.22,1358.3 1 1
github.com/ichiban/prolog/engine/number.go:1360.2,1360.15 1 1
github.com/ichiban/prolog/engine/number.go:1363.26,1365.2 1 1
github.com/ichiban/prolog/engine/number.go:1367.26,1369.2 1 1
github.com/ichiban/prolog/engine/number.go:1371.27,1372.9 1 1
github.com/ichiban/prolog/engine/number.go:1373.13,1374.11 1 1
github.com/ichiban/prolog/engine/number.go:1375.13,1376.12 1 1
github.com/ichiban/prolog/engine/number.go:1377.10,1378.11 1 1
github.com/ichiban/prolog/engine/number.go:1382.30,1385.2 2 1
github.com/ichiban/prolog/engine/number.go:1387.32,1390.2 2 1
github.com/ichiban/prolog/engine/number.go:1392.35,1394.2 1 1
github.com/ichiban/prolog/engine/number.go:1398.47,1400.2 1 1
github.com/ichiban/prolog/engine/number.go:1402.47,1404.2 1 1
github.com/ichiban/prolog/engine/number.go:1406.47,1408.2 1 1
github.com/ichiban/prolog/engine/number.go:1410.47,1412.2 1 1
github.com/ichiban/prolog/engine/number.go:1414.47,1416.2 1 1
github.com/ichiban/prolog/engine/number.go:1418.47,1420.2 1 1
github.com/ichiban/prolog/engine/number.go:1422.47,1424.2 1 1
github.com/ichiban/prolog/engine/number.go:1426.47,1428.2 1 1
github.com/ichiban/prolog/engine/number.go:1430.41,1432.2 1 1
github.com/ichiban/prolog/engine/parser.go:43.49,55.2 3 1
github.com/ichiban/prolog/engine/parser.go:62.34,66.16 2 1
github.com/ichiban/prolog/engine/parser.go:66.16,68.3 1 1
github.com/ichiban/prolog/engine/parser.go:69.2,74.30 5 1
github.com/ichiban/prolog/engine/parser.go:79.78,82.25 3 1
github.com/ichiban/prolog/engine/parser.go:82.25,85.17 3 1
github.com/ichiban/prolog/engine/parser.go:85.17,87.4 1 1
github.com/ichiban/prolog/engine/parser.go:89.2,89.12 1 1
github.com/ichiban/prolog/engine/parser.go:92.56,93.18 1 1
github.com/ichiban/prolog/engine/parser.go:94.40,95.31 1 1
github.com/ichiban/prolog/engine/parser.go:96.78,97.31 1 1
github.com/ichiban/prolog/engine/parser.go:98.22,99.25 1 1
github.com/ichiban/prolog/engine/parser.go:100.26,101.36 1 1
github.com/ichiban/prolog/engine/parser.go:102.25,103.35 1 1
github.com/ichiban/prolog/engine/parser.go:104.11,105.36 1 1
github.com/ichiban/prolog/engine/parser.go:107.36,110.26 3 1
github.com/ichiban/prolog/engine/parser.go:110.26,113.18 3 1
github.com/ichiban/prolog/engine/parser.go:113.18,115.5 1 0
github.com/ichiban/prolog/engine/parser.go:117.3,117.26 1 1
github.com/ichiban/prolog/engine/parser.go:118.10,119.57 1 1
github.com/ichiban/prolog/engine/parser.go:123.40,124.19 1 1
github.com/ichiban/prolog/engine/parser.go:124.19,126.17 2 1
github.com/ichiban/prolog/engine/parser.go:126.17,128.4 1 1
github.com/ichiban/prolog/engine/parser.go:129.3,129.15 1 1
github.com/ichiban/prolog/engine/parser.go:131.2,131.25 1 1
github.com/ichiban/prolog/engine/parser.go:134.27,136.2 1 1
github.com/ichiban/prolog/engine/parser.go:138.34,140.2 1 1
github.com/ichiban/prolog/engine/parser.go:143.39,145.13 2 1
github.com/ichiban/prolog/engine/parser.go:146.11,147.8 1 1
github.com/ichiban/prolog/engine/parser.go:148.22,149.56 1 1
github.com/ichiban/prolog/engine/parser.go:150.10,151.18 1 1
github.com/ichiban/prolog/engine/parser.go:154.2,154.34 1 1
github.com/ichiban/prolog/engine/parser.go:155.16,156.8 1 1
github.com/ichiban/prolog/engine/parser.go:157.10,159.56 2 1
github.com/ichiban/prolog/engine/parser.go:162.2,162.22 1 1
github.com/ichiban/prolog/engine/parser.go:162.22,164.3 1 1
github.com/ichiban/prolog/engine/parser.go:166.2,166.15 1 1
github.com/ichiban/prolog/engine/parser.go:170.43,176.16 3 1
github.com/ichiban/prolog/engine/parser.go:176.16,178.3 1 1
github.com/ichiban/prolog/engine/parser.go:179.2,179.16 1 1
github.com/ichiban/prolog/engine/parser.go:180.20,181.29 1 1
github.com/ichiban/prolog/engine/parser.go:182.24,183.27 1 1
github.com/ichiban/prolog/engine/parser.go:184.10,188.17 4 1
github.com/ichiban/prolog/engine/parser.go:188.17,190.4 1 1
github.com/ichiban/prolog/engine/parser.go:192.3,192.21 1 1
github.com/ichiban/prolog/engine/parser.go:192.21,195.4 2 1
github.com/ichiban/prolog/engine/parser.go:197.3,199.17 3 1
github.com/ichiban/prolog/engine/parser.go:199.17,201.4 1 1
github.com/ichiban/prolog/engine/parser.go:202.3,202.17 1 1
github.com/ichiban/prolog/engine/parser.go:203.21,204.31 1 1
github.com/ichiban/prolog/engine/parser.go:205.25,206.29 1 1
github.com/ichiban/prolog/engine/parser.go:207.11,210.29 3 1
github.com/ichiban/prolog/engine/parser.go:213.2,213.16 1 1
github.com/ichiban/prolog/engine/parser.go:213.16,215.3 1 1
github.com/ichiban/prolog/engine/parser.go:218.2,218.42 1 1
github.com/ichiban/prolog/engine/parser.go:219.14,220.16 1 1
github.com/ichiban/prolog/engine/parser.go:221.10,222.28 1 1
github.com/ichiban/prolog/engine/parser.go:227.30,228.36 1 1
github.com/ichiban/prolog/engine/parser.go:228.36,230.3 1 1
github.com/ichiban/prolog/engine/parser.go:231.2,232.13 2 1
github.com/ichiban/prolog/engine/parser.go:256.50,258.2 1 1
github.com/ichiban/prolog/engine/parser.go:260.40,270.2 1 1
github.com/ichiban/prolog/engine/parser.go:272.40,282.2 1 1
github.com/ichiban/prolog/engine/parser.go:286.47,290.2 3 1
github.com/ichiban/prolog/engine/parser.go:292.75,295.2 2 1
github.com/ichiban/prolog/engine/parser.go:297.74,298.12 1 1
github.com/ichiban/prolog/engine/parser.go:298.12,300.3 1 1
github.com/ichiban/prolog/engine/parser.go:301.2,308.17 4 1
github.com/ichiban/prolog/engine/parser.go:311.30,312.17 1 1
github.com/ichiban/prolog/engine/parser.go:312.17,314.3 1 1
github.com/ichiban/prolog/engine/parser.go:315.2,315.31 1 1
github.com/ichiban/prolog/engine/parser.go:318.62,321.43 3 1
github.com/ichiban/prolog/engine/parser.go:321.43,324.3 2 1
github.com/ichiban/prolog/engine/parser.go:325.2,325.19 1 0
github.com/ichiban/prolog/engine/parser.go:335.59,350.2 4 1
github.com/ichiban/prolog/engine/parser.go:360.39,366.2 1 1
github.com/ichiban/prolog/engine/parser.go:369.58,371.47 2 1
github.com/ichiban/prolog/engine/parser.go:372.11,375.17 3 1
github.com/ichiban/prolog/engine/parser.go:375.17,378.4 2 1
github.com/ichiban/prolog/engine/parser.go:379.3,379.25 1 1
github.com/ichiban/prolog/engine/parser.go:380.15,382.17 2 1
github.com/ichiban/prolog/engine/parser.go:382.17,384.4 1 1
github.com/ichiban/prolog/engine/parser.go:385.10,386.18 1 1
github.com/ichiban/prolog/engine/parser.go:389.2,389.6 1 1
github.com/ichiban/prolog/engine/parser.go:389.6,391.17 2 1
github.com/ichiban/prolog/engine/parser.go:391.17,392.9 1 1
github.com/ichiban/prolog/engine/parser.go:394.3,394.44 1 1
github.com/ichiban/prolog/engine/parser.go:395.19,396.28 1 1
github.com/ichiban/prolog/engine/parser.go:397.11,399.18 2 1
github.com/ichiban/prolog/engine/parser.go:399.18,401.5 1 1
github.com/ichiban/prolog/engine/parser.go:402.4,402.33 1 1
github.com/ichiban/prolog/engine/parser.go:406.2,406.17 1 1
github.com/ichiban/prolog/engine/parser.go:409.64,411.16 2 1
github.com/ichiban/prolog/engine/parser.go:411.16,413.3 1 1
github.com/ichiban/prolog/engine/parser.go:415.2,415.20 1 1
github.com/ichiban/prolog/engine/parser.go:415.20,417.17 2 1
github.com/ichiban/prolog/engine/parser.go:417.17,419.4 1 1
github.com/ichiban/prolog/engine/parser.go:420.3,420.17 1 1
github.com/ichiban/prolog/engine/parser.go:421.39,424.30 3 1
github.com/ichiban/prolog/engine/parser.go:425.11,426.14 1 1
github.com/ichiban/prolog/engine/parser.go:430.2,431.16 2 1
github.com/ichiban/prolog/engine/parser.go:431.16,433.3 1 1
github.com/ichiban/prolog/engine/parser.go:434.2,434.16 1 1
github.com/ichiban/prolog/engine/parser.go:435.19,438.29 3 1
github.com/ichiban/prolog/engine/parser.go:439.10,440.13 1 1
github.com/ichiban/prolog/engine/parser.go:443.2,443.97 1 1
github.com/ichiban/prolog/engine/parser.go:443.97,445.3 1 1
github.com/ichiban/prolog/engine/parser.go:447.2,448.28 2 1
github.com/ichiban/prolog/engine/parser.go:451.63,453.16 2 1
github.com/ichiban/prolog/engine/parser.go:453.16,455.3 1 1
github.com/ichiban/prolog/engine/parser.go:457.2,457.66 1 1
github.com/ichiban/prolog/engine/parser.go:457.66,459.23 2 1
github.com/ichiban/prolog/engine/parser.go:459.23,461.4 1 1
github.com/ichiban/prolog/engine/parser.go:463.2,463.68 1 1
github.com/ichiban/prolog/engine/parser.go:463.68,465.23 2 1
github.com/ichiban/prolog/engine/parser.go:465.23,467.4 1 1
github.com/ichiban/prolog/engine/parser.go:470.2,471.28 2 1
github.com/ichiban/prolog/engine/parser.go:474.56,475.36 1 1
github.com/ichiban/prolog/engine/parser.go:475.36,476.12 1 1
github.com/ichiban/prolog/engine/parser.go:477.22,479.42 2 1
github.com/ichiban/prolog/engine/parser.go:479.42,481.5 1 1
github.com/ichiban/prolog/engine/parser.go:482.4,482.21 1 1
github.com/ichiban/prolog/engine/parser.go:483.23,485.43 2 1
github.com/ichiban/prolog/engine/parser.go:485.43,487.5 1 1
github.com/ichiban/prolog/engine/parser.go:488.4,488.21 1 1
github.com/ichiban/prolog/engine/parser.go:489.11,490.17 1 1
github.com/ichiban/prolog/engine/parser.go:494.2,495.16 2 1
github.com/ichiban/prolog/engine/parser.go:495.16,497.3 1 1
github.com/ichiban/prolog/engine/parser.go:498.2,498.16 1 1
github.com/ichiban/prolog/engine/parser.go:499.18,500.26 1 1
github.com/ichiban/prolog/engine/parser.go:500.26,502.4 1 1
github.com/ichiban/prolog/engine/parser.go:503.16,504.29 1 1
github.com/ichiban/prolog/engine/parser.go:507.2,508.26 2 1
github.com/ichiban/prolog/engine/parser.go:511.59,513.16 2 1
github.com/ichiban/prolog/engine/parser.go:513.16,515.3 1 1
github.com/ichiban/prolog/engine/parser.go:516.2,516.16 1 1
github.com/ichiban/prolog/engine/parser.go:517.30,518.23 1 1
github.com/ichiban/prolog/engine/parser.go:519.20,520.27 1 1
github.com/ichiban/prolog/engine/parser.go:521.24,522.25 1 1
github.com/ichiban/prolog/engine/parser.go:523.21,524.27 1 1
github.com/ichiban/prolog/engine/parser.go:525.21,526.49 1 1
github.com/ichiban/prolog/engine/parser.go:526.49,529.9 3 1
github.com/ichiban/prolog/engine/parser.go:531.3,532.18 2 1
github.com/ichiban/prolog/engine/parser.go:533.22,534.50 1 1
github.com/ichiban/prolog/engine/parser.go:534.50,537.9 3 1
github.com/ichiban/prolog/engine/parser.go:539.3,540.32 2 1
github.com/ichiban/prolog/engine/parser.go:541.29,542.25 1 1
github.com/ichiban/prolog/engine/parser.go:543.26,544.46 1 1
github.com/ichiban/prolog/engine/parser.go:545.26,546.46 1 1
github.com/ichiban/prolog/engine/parser.go:547.11,549.9 2 1
github.com/ichiban/prolog/engine/parser.go:551.10,552.13 1 1
github.com/ichiban/prolog/engine/parser.go:555.2,555.33 1 1
github.com/ichiban/prolog/engine/parser.go:558.63,560.16 2 1
github.com/ichiban/prolog/engine/parser.go:560.16,562.3 1 1
github.com/ichiban/prolog/engine/parser.go:564.2,564.20 1 1
github.com/ichiban/prolog/engine/parser.go:564.20,566.17 2 1
github.com/ichiban/prolog/engine/parser.go:566.17,568.4 1 1
github.com/ichiban/prolog/engine/parser.go:569.3,569.17 1 1
github.com/ichiban/prolog/engine/parser.go:570.21,571.29 1 1
github.com/ichiban/prolog/engine/parser.go:572.25,573.27 1 1
github.com/ichiban/prolog/engine/parser.go:574.11,575.14 1 1
github.com/ichiban/prolog/engine/parser.go:579.2,580.16 2 1
github.com/ichiban/prolog/engine/parser.go:580.16,582.3 1 1
github.com/ichiban/prolog/engine/parser.go:585.2,585.75 1 1
github.com/ichiban/prolog/engine/parser.go:585.75,588.3 2 1
github.com/ichiban/prolog/engine/parser.go:590.2,590.46 1 1
github.com/ichiban/prolog/engine/parser.go:590.46,591.23 1 1
github.com/ichiban/prolog/engine/parser.go:591.23,593.4 1 1
github.com/ichiban/prolog/engine/parser.go:594.3,594.36 1 1
github.com/ichiban/prolog/engine/parser.go:597.2,597.15 1 1
github.com/ichiban/prolog/engine/parser.go:600.51,601.14 1 1
github.com/ichiban/prolog/engine/parser.go:601.14,603.3 1 1
github.com/ichiban/prolog/engine/parser.go:604.2,605.28 2 1
github.com/ichiban/prolog/engine/parser.go:605.28,606.19 1 1
github.com/ichiban/prolog/engine/parser.go:606.19,609.4 2 1
github.com/ichiban/prolog/engine/parser.go:611.2,613.15 3 1
github.com/ichiban/prolog/engine/parser.go:616.44,618.16 2 1
github.com/ichiban/prolog/engine/parser.go:618.16,620.3 1 1
github.com/ichiban/prolog/engine/parser.go:621.2,621.44 1 1
github.com/ichiban/prolog/engine/parser.go:621.44,624.3 2 1
github.com/ichiban/prolog/engine/parser.go:625.2,625.15 1 1
github.com/ichiban/prolog/engine/parser.go:628.39,629.36 1 1
github.com/ichiban/prolog/engine/parser.go:629.36,631.3 1 1
github.com/ichiban/prolog/engine/parser.go:633.2,634.16 2 1
github.com/ichiban/prolog/engine/parser.go:634.16,636.3 1 1
github.com/ichiban/prolog/engine/parser.go:637.2,637.16 1 1
github.com/ichiban/prolog/engine/parser.go:638.21,640.17 2 1
github.com/ichiban/prolog/engine/parser.go:640.17,642.4 1 1
github.com/ichiban/prolog/engine/parser.go:643.3,643.17 1 1
github.com/ichiban/prolog/engine/parser.go:644.23,645.29 1 1
github.com/ichiban/prolog/engine/parser.go:646.11,649.28 3 1
github.com/ichiban/prolog/engine/parser.go:651.22,653.17 2 1
github.com/ichiban/prolog/engine/parser.go:653.17,655.4 1 1
github.com/ichiban/prolog/engine/parser.go:656.3,656.17 1 1
github.com/ichiban/prolog/engine/parser.go:657.24,658.30 1 1
github.com/ichiban/prolog/engine/parser.go:659.11,662.28 3 1
github.com/ichiban/prolog/engine/parser.go:664.29,665.25 1 1
github.com/ichiban/prolog/engine/parser.go:666.25,667.45 1 1
github.com/ichiban/prolog/engine/parser.go:668.11,670.28 2 1
github.com/ichiban/prolog/engine/parser.go:672.10,674.27 2 1
github.com/ichiban/prolog/engine/parser.go:678.39,680.16 2 1
github.com/ichiban/prolog/engine/parser.go:680.16,682.3 1 1
github.com/ichiban/prolog/engine/parser.go:683.2,683.16 1 1
github.com/ichiban/prolog/engine/parser.go:684.64,685.29 1 1
github.com/ichiban/prolog/engine/parser.go:686.19,687.38 1 1
github.com/ichiban/prolog/engine/parser.go:688.10,690.27 2 1
github.com/ichiban/prolog/engine/parser.go:694.39,696.16 2 1
github.com/ichiban/prolog/engine/parser.go:696.16,698.3 1 1
github.com/ichiban/prolog/engine/parser.go:699.2,700.6 2 1
github.com/ichiban/prolog/engine/parser.go:700.6,701.35 1 1
github.com/ichiban/prolog/engine/parser.go:702.19,704.18 2 1
github.com/ichiban/prolog/engine/parser.go:704.18,706.5 1 1
github.com/ichiban/prolog/engine/parser.go:707.4,707.28 1 1
github.com/ichiban/prolog/engine/parser.go:708.17,710.18 2 1
github.com/ichiban/prolog/engine/parser.go:710.18,712.5 1 1
github.com/ichiban/prolog/engine/parser.go:714.4,714.36 1 1
github.com/ichiban/prolog/engine/parser.go:715.24,716.23 1 1
github.com/ichiban/prolog/engine/parser.go:716.23,718.6 1 1
github.com/ichiban/prolog/engine/parser.go:719.5,719.43 1 1
github.com/ichiban/prolog/engine/parser.go:720.12,722.31 2 1
github.com/ichiban/prolog/engine/parser.go:724.23,725.29 1 1
github.com/ichiban/prolog/engine/parser.go:726.11,728.30 2 1
github.com/ichiban/prolog/engine/parser.go:733.53,735.16 2 1
github.com/ichiban/prolog/engine/parser.go:735.16,737.3 1 1
github.com/ichiban/prolog/engine/parser.go:739.2,739.49 1 1
github.com/ichiban/prolog/engine/parser.go:739.49,742.3 2 1
github.com/ichiban/prolog/engine/parser.go:744.2,744.37 1 1
github.com/ichiban/prolog/engine/parser.go:747.65,748.34 1 1
github.com/ichiban/prolog/engine/parser.go:749.19,751.17 2 1
github.com/ichiban/prolog/engine/parser.go:751.17,753.4 1 1
github.com/ichiban/prolog/engine/parser.go:754.3,755.7 2 1
github.com/ichiban/prolog/engine/parser.go:755.7,756.36 1 1
github.com/ichiban/prolog/engine/parser.go:757.20,759.19 2 1
github.com/ichiban/prolog/engine/parser.go:759.19,761.6 1 1
github.com/ichiban/prolog/engine/parser.go:762.5,762.29 1 1
github.com/ichiban/prolog/engine/parser.go:763.20,764.39 1 1
github.com/ichiban/prolog/engine/parser.go:765.12,767.31 2 1
github.com/ichiban/prolog/engine/parser.go:770.10,772.22 2 1
github.com/ichiban/prolog/engine/parser.go:776.38,777.38 1 1
github.com/ichiban/prolog/engine/parser.go:777.38,778.31 1 1
github.com/ichiban/prolog/engine/parser.go:778.31,780.36 1 1
github.com/ichiban/prolog/engine/parser.go:781.58,783.20 2 1
github.com/ichiban/prolog/engine/parser.go:784.12,785.15 1 1
github.com/ichiban/prolog/engine/parser.go:788.3,789.80 2 1
github.com/ichiban/prolog/engine/parser.go:789.80,791.4 1 1
github.com/ichiban/prolog/engine/parser.go:794.2,794.20 1 1
github.com/ichiban/prolog/engine/parser.go:797.53,799.9 2 1
github.com/ichiban/prolog/engine/parser.go:800.34,803.50 3 1
github.com/ichiban/prolog/engine/parser.go:804.34,806.12 2 1
github.com/ichiban/prolog/engine/parser.go:807.34,809.12 2 1
github.com/ichiban/prolog/engine/parser.go:810.34,812.12 2 1
github.com/ichiban/prolog/engine/parser.go:815.2,818.30 3 1
github.com/ichiban/prolog/engine/parser.go:819.17,820.53 1 1
github.com/ichiban/prolog/engine/parser.go:821.17,822.53 1 1
github.com/ichiban/prolog/engine/parser.go:823.10,824.25 1 1
github.com/ichiban/prolog/engine/parser.go:828.51,834.2 4 1
github.com/ichiban/prolog/engine/parser.go:841.31,843.2 1 1
github.com/ichiban/prolog/engine/parser.go:845.43,846.11 1 1
github.com/ichiban/prolog/engine/parser.go:847.12,848.13 1 1
github.com/ichiban/prolog/engine/parser.go:849.14,850.12 1 1
github.com/ichiban/prolog/engine/parser.go:851.12,852.14 1 1
github.com/ichiban/prolog/engine/parser.go:853.12,854.14 1 1
github.com/ichiban/prolog/engine/parser.go:855.12,856.14 1 1
github.com/ichiban/prolog/engine/parser.go:857.12,858.14 1 1
github.com/ichiban/prolog/engine/parser.go:859.12,860.14 1 1
github.com/ichiban/prolog/engine/parser.go:861.12,862.14 1 1
github.com/ichiban/prolog/engine/parser.go:863.12,864.14 1 1
github.com/ichiban/prolog/engine/parser.go:865.12,866.13 1 1
github.com/ichiban/prolog/engine/parser.go:867.12,868.13 1 1
github.com/ichiban/prolog/engine/parser.go:869.12,870.13 1 1
github.com/ichiban/prolog/engine/parser.go:871.13,872.13 1 1
github.com/ichiban/prolog/engine/parser.go:873.10,877.18 3 1
github.com/ichiban/prolog/engine/parser.go:877.18,880.4 2 1
github.com/ichiban/prolog/engine/parser.go:882.3,883.25 2 1
github.com/ichiban/prolog/engine/parser.go:887.37,889.2 1 1
github.com/ichiban/prolog/engine/parser.go:891.44,892.11 1 1
github.com/ichiban/prolog/engine/parser.go:893.12,894.13 1 1
github.com/ichiban/prolog/engine/parser.go:895.14,896.12 1 1
github.com/ichiban/prolog/engine/parser.go:897.12,898.14 1 1
github.com/ichiban/prolog/engine/parser.go:899.12,900.14 1 1
github.com/ichiban/prolog/engine/parser.go:901.12,902.14 1 1
github.com/ichiban/prolog/engine/parser.go:903.12,904.14 1 1
github.com/ichiban/prolog/engine/parser.go:905.12,906.14 1 1
github.com/ichiban/prolog/engine/parser.go:907.12,908.14 1 1
github.com/ichiban/prolog/engine/parser.go:909.12,910.14 1 1
github.com/ichiban/prolog/engine/parser.go:911.12,912.13 1 1
github.com/ichiban/prolog/engine/parser.go:913.12,914.13 1 1
github.com/ichiban/prolog/engine/parser.go:915.12,916.13 1 1
github.com/ichiban/prolog/engine/parser.go:917.13,918.13 1 1
github.com/ichiban/prolog/engine/parser.go:919.10,923.18 3 1
github.com/ichiban/prolog/engine/parser.go:923.18,926.4 2 1
github.com/ichiban/prolog/engine/parser.go:928.3,929.25 2 1
github.com/ichiban/prolog/engine/parser.go:938.40,942.2 3 1
github.com/ichiban/prolog/engine/parser.go:944.39,949.2 4 1
github.com/ichiban/prolog/engine/parser.go:951.43,953.2 1 1
github.com/ichiban/prolog/engine/parser.go:955.40,957.2 1 1
github.com/ichiban/prolog/engine/parser.go:959.36,962.17 3 1
github.com/ichiban/prolog/engine/parser.go:962.17,964.3 1 1
github.com/ichiban/prolog/engine/parser.go:971.46,973.2 1 1
github.com/ichiban/prolog/engine/promise.go:29.58,31.2 1 1
github.com/ichiban/prolog/engine/promise.go:34.29,35.8 1 1
github.com/ichiban/prolog/engine/promise.go:35.8,37.3 1 1
github.com/ichiban/prolog/engine/promise.go:38.2,38.21 1 1
github.com/ichiban/prolog/engine/promise.go:42.32,44.2 1 1
github.com/ichiban/prolog/engine/promise.go:49.70,50.19 1 1
github.com/ichiban/prolog/engine/promise.go:50.19,52.3 1 1
github.com/ichiban/prolog/engine/promise.go:53.2,56.3 1 1
github.com/ichiban/prolog/engine/promise.go:60.56,65.2 1 1
github.com/ichiban/prolog/engine/promise.go:70.85,75.2 1 1
github.com/ichiban/prolog/engine/promise.go:78.67,80.21 2 1
github.com/ichiban/prolog/engine/promise.go:80.21,81.10 1 1
github.com/ichiban/prolog/engine/promise.go:82.21,83.27 1 1
github.com/ichiban/prolog/engine/promise.go:84.11,87.27 2 1
github.com/ichiban/prolog/engine/promise.go:87.27,88.12 1 1
github.com/ichiban/prolog/engine/promise.go:89.23,90.49 1 1
github.com/ichiban/prolog/engine/promise.go:90.49,92.7 1 1
github.com/ichiban/prolog/engine/promise.go:93.6,93.14 1 1
github.com/ichiban/prolog/engine/promise.go:94.15,95.22 1 1
github.com/ichiban/prolog/engine/promise.go:96.13,97.14 1 1
github.com/ichiban/prolog/engine/promise.go:102.4,102.26 1 1
github.com/ichiban/prolog/engine/promise.go:102.26,105.5 2 1
github.com/ichiban/prolog/engine/promise.go:108.4,109.31 2 1
github.com/ichiban/prolog/engine/promise.go:112.2,112.19 1 1
github.com/ichiban/prolog/engine/promise.go:115.65,117.15 2 1
github.com/ichiban/prolog/engine/promise.go:117.15,118.16 1 1
github.com/ichiban/prolog/engine/promise.go:118.16,120.4 1 1
github.com/ichiban/prolog/engine/promise.go:122.2,122.26 1 1
github.com/ichiban/prolog/engine/promise.go:125.33,126.30 1 1
github.com/ichiban/prolog/engine/promise.go:126.30,128.3 1 1
github.com/ichiban/prolog/engine/promise.go:131.38,133.2 1 1
github.com/ichiban/prolog/engine/promise.go:137.39,141.2 3 1
github.com/ichiban/prolog/engine/promise.go:143.45,144.18 1 1
github.com/ichiban/prolog/engine/promise.go:144.18,145.31 1 1
github.com/ichiban/prolog/engine/promise.go:145.31,146.9 1 1
github.com/ichiban/prolog/engine/promise.go:151.49,153.18 1 1
github.com/ichiban/prolog/engine/promise.go:153.18,155.25 2 1
github.com/ichiban/prolog/engine/promise.go:155.25,156.12 1 1
github.com/ichiban/prolog/engine/promise.go:158.3,158.38 1 1
github.com/ichiban/prolog/engine/promise.go:158.38,161.4 2 1
github.com/ichiban/prolog/engine/promise.go:165.2,165.12 1 1
github.com/ichiban/prolog/engine/stream.go:56.46,64.2 1 1
github.com/ichiban/prolog/engine/stream.go:67.48,75.2 1 1
github.com/ichiban/prolog/engine/stream.go:78.47,86.2 1 1
github.com/ichiban/prolog/engine/stream.go:89.49,97.2 1 1
github.com/ichiban/prolog/engine/stream.go:100.72,103.2 2 1
github.com/ichiban/prolog/engine/stream.go:106.48,107.69 1 1
github.com/ichiban/prolog/engine/stream.go:107.69,108.74 1 1
github.com/ichiban/prolog/engine/stream.go:109.14,110.12 1 1
github.com/ichiban/prolog/engine/stream.go:111.14,112.13 1 1
github.com/ichiban/prolog/engine/stream.go:113.11,114.12 1 1
github.com/ichiban/prolog/engine/stream.go:120.32,125.35 2 1
github.com/ichiban/prolog/engine/stream.go:125.35,127.3 1 1
github.com/ichiban/prolog/engine/stream.go:129.2,129.33 1 1
github.com/ichiban/prolog/engine/stream.go:129.33,131.3 1 1
github.com/ichiban/prolog/engine/stream.go:133.2,133.11 1 1
github.com/ichiban/prolog/engine/stream.go:138.43,142.37 3 1
github.com/ichiban/prolog/engine/stream.go:142.37,144.3 1 1
github.com/ichiban/prolog/engine/stream.go:146.2,146.38 1 1
github.com/ichiban/prolog/engine/stream.go:146.38,148.3 1 1
github.com/ichiban/prolog/engine/stream.go:150.2,151.16 2 1
github.com/ichiban/prolog/engine/stream.go:151.16,153.3 1 1
github.com/ichiban/prolog/engine/stream.go:154.2,155.15 2 1
github.com/ichiban/prolog/engine/stream.go:158.37,162.37 3 1
github.com/ichiban/prolog/engine/stream.go:162.37,164.3 1 1
github.com/ichiban/prolog/engine/stream.go:166.2,166.38 1 1
github.com/ichiban/prolog/engine/stream.go:166.38,168.3 1 1
github.com/ichiban/prolog/engine/stream.go:170.2,171.16 2 1
github.com/ichiban/prolog/engine/stream.go:171.16,174.3 2 1
github.com/ichiban/prolog/engine/stream.go:175.2,175.12 1 1
github.com/ichiban/prolog/engine/stream.go:180.59,184.37 3 1
github.com/ichiban/prolog/engine/stream.go:184.37,186.3 1 1
github.com/ichiban/prolog/engine/stream.go:188.2,188.36 1 1
github.com/ichiban/prolog/engine/stream.go:188.36,190.3 1 1
github.com/ichiban/prolog/engine/stream.go:192.2,196.18 5 1
github.com/ichiban/prolog/engine/stream.go:199.37,203.37 3 1
github.com/ichiban/prolog/engine/stream.go:203.37,205.3 1 1
github.com/ichiban/prolog/engine/stream.go:207.2,207.36 1 1
github.com/ichiban/prolog/engine/stream.go:207.36,209.3 1 1
github.com/ichiban/prolog/engine/stream.go:211.2,212.16 2 1
github.com/ichiban/prolog/engine/stream.go:212.16,216.3 3 1
github.com/ichiban/prolog/engine/stream.go:217.2,217.12 1 1
github.com/ichiban/prolog/engine/stream.go:221.64,222.19 1 1
github.com/ichiban/prolog/engine/stream.go:222.19,224.3 1 1
github.com/ichiban/prolog/engine/stream.go:225.2,229.9 4 1
github.com/ichiban/prolog/engine/stream.go:229.9,231.10 2 1
github.com/ichiban/prolog/engine/stream.go:231.10,233.4 1 1
github.com/ichiban/prolog/engine/stream.go:236.2,237.16 2 1
github.com/ichiban/prolog/engine/stream.go:237.16,239.3 1 1
github.com/ichiban/prolog/engine/stream.go:241.2,244.15 3 1
github.com/ichiban/prolog/engine/stream.go:249.42,251.16 2 1
github.com/ichiban/prolog/engine/stream.go:251.16,253.3 1 1
github.com/ichiban/prolog/engine/stream.go:254.2,255.12 2 1
github.com/ichiban/prolog/engine/stream.go:260.58,262.16 2 1
github.com/ichiban/prolog/engine/stream.go:262.16,264.3 1 1
github.com/ichiban/prolog/engine/stream.go:265.2,265.35 1 1
github.com/ichiban/prolog/engine/stream.go:269.32,282.53 5 1
github.com/ichiban/prolog/engine/stream.go:282.53,284.3 1 1
github.com/ichiban/prolog/engine/stream.go:286.2,286.28 1 1
github.com/ichiban/prolog/engine/stream.go:287.15,288.19 1 1
github.com/ichiban/prolog/engine/stream.go:289.14,290.18 1 1
github.com/ichiban/prolog/engine/stream.go:291.10,292.13 1 1
github.com/ichiban/prolog/engine/stream.go:297.32,299.17 1 1
github.com/ichiban/prolog/engine/stream.go:299.17,301.3 1 1
github.com/ichiban/prolog/engine/stream.go:303.2,305.39 3 1
github.com/ichiban/prolog/engine/stream.go:305.39,306.35 1 1
github.com/ichiban/prolog/engine/stream.go:306.35,308.4 1 1
github.com/ichiban/prolog/engine/stream.go:311.2,311.37 1 1
github.com/ichiban/prolog/engine/stream.go:311.37,312.35 1 1
github.com/ichiban/prolog/engine/stream.go:312.35,314.4 1 1
github.com/ichiban/prolog/engine/stream.go:317.2,317.12 1 1
github.com/ichiban/prolog/engine/stream.go:320.35,321.26 1 1
github.com/ichiban/prolog/engine/stream.go:321.26,323.3 1 1
github.com/ichiban/prolog/engine/stream.go:325.2,325.28 1 1
github.com/ichiban/prolog/engine/stream.go:325.28,327.3 1 1
github.com/ichiban/prolog/engine/stream.go:329.2,329.38 1 1
github.com/ichiban/prolog/engine/stream.go:329.38,330.22 1 1
github.com/ichiban/prolog/engine/stream.go:331.23,332.29 1 1
github.com/ichiban/prolog/engine/stream.go:333.23,334.13 1 1
github.com/ichiban/prolog/engine/stream.go:338.2,338.12 1 1
github.com/ichiban/prolog/engine/stream.go:341.26,342.26 1 1
github.com/ichiban/prolog/engine/stream.go:342.26,344.3 1 1
github.com/ichiban/prolog/engine/stream.go:346.2,347.32 2 1
github.com/ichiban/prolog/engine/stream.go:350.38,352.32 1 1
github.com/ichiban/prolog/engine/stream.go:353.30,354.34 1 1
github.com/ichiban/prolog/engine/stream.go:355.52,358.32 1 1
github.com/ichiban/prolog/engine/stream.go:359.50,362.32 1 1
github.com/ichiban/prolog/engine/stream.go:363.10,366.33 1 1
github.com/ichiban/prolog/engine/stream.go:370.34,372.9 2 1
github.com/ichiban/prolog/engine/stream.go:372.9,374.3 1 1
github.com/ichiban/prolog/engine/stream.go:375.2,376.16 2 1
github.com/ichiban/prolog/engine/stream.go:376.16,378.3 1 1
github.com/ichiban/prolog/engine/stream.go:379.2,379.18 1 1
github.com/ichiban/prolog/engine/stream.go:382.38,385.28 2 1
github.com/ichiban/prolog/engine/stream.go:385.28,387.3 1 1
github.com/ichiban/prolog/engine/stream.go:389.2,391.16 2 1
github.com/ichiban/prolog/engine/stream.go:392.18,393.29 1 1
github.com/ichiban/prolog/engine/stream.go:394.33,395.30 1 1
github.com/ichiban/prolog/engine/stream.go:398.2,398.18 1 1
github.com/ichiban/prolog/engine/stream.go:398.18,400.3 1 1
github.com/ichiban/prolog/engine/stream.go:402.2,408.18 2 1
github.com/ichiban/prolog/engine/stream.go:408.18,410.3 1 1
github.com/ichiban/prolog/engine/stream.go:410.8,412.3 1 1
github.com/ichiban/prolog/engine/stream.go:414.2,416.11 2 1
github.com/ichiban/prolog/engine/stream.go:419.51,420.53 1 1
github.com/ichiban/prolog/engine/stream.go:420.53,422.3 1 1
github.com/ichiban/prolog/engine/stream.go:424.2,424.36 1 1
github.com/ichiban/prolog/engine/stream.go:424.36,426.3 1 1
github.com/ichiban/prolog/engine/stream.go:428.2,428.35 1 1
github.com/ichiban/prolog/engine/stream.go:431.55,432.53 1 1
github.com/ichiban/prolog/engine/stream.go:432.53,434.3 1 1
github.com/ichiban/prolog/engine/stream.go:436.2,436.38 1 1
github.com/ichiban/prolog/engine/stream.go:436.38,438.3 1 1
github.com/ichiban/prolog/engine/stream.go:440.2,440.37 1 1
github.com/ichiban/prolog/engine/stream.go:449.50,456.2 6 1
github.com/ichiban/prolog/engine/stream.go:464.52,472.2 6 1
github.com/ichiban/prolog/engine/stream.go:486.29,492.2 1 1
github.com/ichiban/prolog/engine/stream.go:506.32,512.2 1 1
github.com/ichiban/prolog/engine/stream.go:524.33,529.2 1 1
github.com/ichiban/prolog/engine/stream.go:539.34,545.2 1 1
github.com/ichiban/prolog/engine/stream.go:553.35,557.18 3 1
github.com/ichiban/prolog/engine/stream.go:557.18,558.24 1 1
github.com/ichiban/prolog/engine/stream.go:558.24,560.4 1 1
github.com/ichiban/prolog/engine/stream.go:561.3,561.26 1 1
github.com/ichiban/prolog/engine/stream.go:564.2,564.32 1 1
github.com/ichiban/prolog/engine/stream.go:567.38,572.29 4 1
github.com/ichiban/prolog/engine/stream.go:572.29,573.13 1 1
github.com/ichiban/prolog/engine/stream.go:573.13,575.27 1 1
github.com/ichiban/prolog/engine/stream.go:575.27,577.5 1 1
github.com/ichiban/prolog/engine/stream.go:578.4,580.10 3 1
github.com/ichiban/prolog/engine/stream.go:585.51,590.2 4 1
github.com/ichiban/prolog/engine/stream.go:595.41,601.2 5 1
github.com/ichiban/prolog/engine/stream.go:611.42,617.2 2 1
github.com/ichiban/prolog/engine/stream.go:619.36,621.2 1 1
github.com/ichiban/prolog/engine/stream.go:628.55,629.15 1 1
github.com/ichiban/prolog/engine/stream.go:629.15,631.3 1 1
github.com/ichiban/prolog/engine/stream.go:632.2,632.20 1 1
github.com/ichiban/prolog/engine/term.go:30.61,33.2 2 1
github.com/ichiban/prolog/engine/term.go:35.57,37.30 2 1
github.com/ichiban/prolog/engine/term.go:37.30,39.3 1 1
github.com/ichiban/prolog/engine/term.go:40.2,42.11 3 1
github.com/ichiban/prolog/engine/term.go:45.68,48.2 2 1
github.com/ichiban/prolog/engine/term.go:50.59,53.2 2 1
github.com/ichiban/prolog/engine/term.go:55.60,58.2 2 1
github.com/ichiban/prolog/engine/term.go:77.75,78.36 1 1
github.com/ichiban/prolog/engine/term.go:79.38,80.11 1 1
github.com/ichiban/prolog/engine/term.go:81.9,82.19 1 1
github.com/ichiban/prolog/engine/term.go:83.16,84.12 1 1
github.com/ichiban/prolog/engine/term.go:85.10,86.69 1 1
github.com/ichiban/prolog/engine/term.go:99.24,100.23 1 1
github.com/ichiban/prolog/engine/term.go:101.16,102.20 1 1
github.com/ichiban/prolog/engine/term.go:103.10,104.11 1 1
github.com/ichiban/prolog/engine/text.go:15.45,17.2 1 1
github.com/ichiban/prolog/engine/text.go:20.81,22.56 2 1
github.com/ichiban/prolog/engine/text.go:22.56,24.3 1 1
github.com/ichiban/prolog/engine/text.go:26.2,26.34 1 1
github.com/ichiban/prolog/engine/text.go:26.34,28.3 1 1
github.com/ichiban/prolog/engine/text.go:32.2,33.26 2 1
github.com/ichiban/prolog/engine/text.go:33.26,35.3 1 1
github.com/ichiban/prolog/engine/text.go:36.2,36.31 1 1
github.com/ichiban/prolog/engine/text.go:36.31,37.96 1 1
github.com/ichiban/prolog/engine/text.go:37.96,41.12 4 1
github.com/ichiban/prolog/engine/text.go:44.3,44.24 1 1
github.com/ichiban/prolog/engine/text.go:46.2,48.28 2 1
github.com/ichiban/prolog/engine/text.go:48.28,50.17 2 1
github.com/ichiban/prolog/engine/text.go:50.17,52.4 1 1
github.com/ichiban/prolog/engine/text.go:53.3,53.10 1 1
github.com/ichiban/prolog/engine/text.go:53.10,58.4 4 1
github.com/ichiban/prolog/engine/text.go:61.2,61.12 1 1
github.com/ichiban/prolog/engine/text.go:65.61,68.18 3 1
github.com/ichiban/prolog/engine/text.go:68.18,70.3 1 1
github.com/ichiban/prolog/engine/text.go:71.2,71.35 1 1
github.com/ichiban/prolog/engine/text.go:71.35,73.3 1 1
github.com/ichiban/prolog/engine/text.go:75.2,75.50 1 1
github.com/ichiban/prolog/engine/text.go:75.50,76.38 1 1
github.com/ichiban/prolog/engine/text.go:76.38,77.62 1 1
github.com/ichiban/prolog/engine/text.go:77.62,79.5 1 1
github.com/ichiban/prolog/engine/text.go:82.3,82.16 1 1
github.com/ichiban/prolog/engine/text.go:86.93,87.25 1 1
github.com/ichiban/prolog/engine/text.go:87.25,89.3 1 1
github.com/ichiban/prolog/engine/text.go:91.2,93.64 3 1
github.com/ichiban/prolog/engine/text.go:93.64,95.3 1 1
github.com/ichiban/prolog/engine/text.go:97.2,97.6 1 1
github.com/ichiban/prolog/engine/text.go:97.6,98.16 1 1
github.com/ichiban/prolog/engine/text.go:98.16,99.9 1 1
github.com/ichiban/prolog/engine/text.go:105.3,109.17 4 1
github.com/ichiban/prolog/engine/text.go:109.17,111.4 1 1
github.com/ichiban/prolog/engine/text.go:113.3,114.17 2 1
github.com/ichiban/prolog/engine/text.go:114.17,116.4 1 1
github.com/ichiban/prolog/engine/text.go:118.3,119.17 2 1
github.com/ichiban/prolog/engine/text.go:119.17,121.4 1 1
github.com/ichiban/prolog/engine/text.go:122.3,122.13 1 1
github.com/ichiban/prolog/engine/text.go:123.51,124.58 1 1
github.com/ichiban/prolog/engine/text.go:124.58,126.5 1 1
github.com/ichiban/prolog/engine/text.go:127.4,127.12 1 1
github.com/ichiban/prolog/engine/text.go:128.51,130.18 2 1
github.com/ichiban/prolog/engine/text.go:130.18,132.5 1 1
github.com/ichiban/prolog/engine/text.go:133.4,133.15 1 1
github.com/ichiban/prolog/engine/text.go:134.11,135.49 1 1
github.com/ichiban/prolog/engine/text.go:135.49,136.40 1 1
github.com/ichiban/prolog/engine/text.go:136.40,138.6 1 1
github.com/ichiban/prolog/engine/text.go:141.4,142.18 2 1
github.com/ichiban/prolog/engine/text.go:142.18,144.5 1 1
github.com/ichiban/prolog/engine/text.go:146.4,146.38 1 1
github.com/ichiban/prolog/engine/text.go:149.2,149.12 1 1
github.com/ichiban/prolog/engine/text.go:152.72,153.37 1 1
github.com/ichiban/prolog/engine/text.go:153.37,155.3 1 1
github.com/ichiban/prolog/engine/text.go:157.2,157.41 1 1
github.com/ichiban/prolog/engine/text.go:158.55,159.63 1 1
github.com/ichiban/prolog/engine/text.go:159.63,162.4 2 1
github.com/ichiban/prolog/engine/text.go:163.57,164.63 1 1
github.com/ichiban/prolog/engine/text.go:164.63,166.4 1 1
github.com/ichiban/prolog/engine/text.go:167.61,168.63 1 1
github.com/ichiban/prolog/engine/text.go:168.63,170.4 1 1
github.com/ichiban/prolog/engine/text.go:171.62,173.13 2 1
github.com/ichiban/prolog/engine/text.go:174.55,176.17 2 1
github.com/ichiban/prolog/engine/text.go:176.17,178.4 1 1
github.com/ichiban/prolog/engine/text.go:180.3,180.42 1 1
github.com/ichiban/prolog/engine/text.go:181.60,182.43 1 1
github.com/ichiban/prolog/engine/text.go:183.10,185.17 2 1
github.com/ichiban/prolog/engine/text.go:185.17,187.4 1 1
github.com/ichiban/prolog/engine/text.go:188.3,188.10 1 1
github.com/ichiban/prolog/engine/text.go:188.10,193.4 4 1
github.com/ichiban/prolog/engine/text.go:194.3,194.13 1 1
github.com/ichiban/prolog/engine/text.go:198.76,200.16 2 1
github.com/ichiban/prolog/engine/text.go:200.16,202.3 1 1
github.com/ichiban/prolog/engine/text.go:205.2,205.22 1 1
github.com/ichiban/prolog/engine/text.go:205.22,207.3 1 1
github.com/ichiban/prolog/engine/text.go:209.2,209.51 1 1
github.com/ichiban/prolog/engine/text.go:209.51,214.3 2 1
github.com/ichiban/prolog/engine/text.go:216.2,216.12 1 1
github.com/ichiban/prolog/engine/text.go:219.65,220.39 1 1
github.com/ichiban/prolog/engine/text.go:221.16,222.42 1 1
github.com/ichiban/prolog/engine/text.go:223.12,225.44 2 1
github.com/ichiban/prolog/engine/text.go:225.44,227.18 2 1
github.com/ichiban/prolog/engine/text.go:227.18,228.13 1 1
github.com/ichiban/prolog/engine/text.go:231.4,231.20 1 1
github.com/ichiban/prolog/engine/text.go:233.3,233.66 1 1
github.com/ichiban/prolog/engine/text.go:234.10,235.54 1 1
github.com/ichiban/prolog/engine/text.go:245.74,247.18 2 1
github.com/ichiban/prolog/engine/text.go:247.18,248.38 1 1
github.com/ichiban/prolog/engine/text.go:249.17,250.34 1 1
github.com/ichiban/prolog/engine/text.go:251.17,252.52 1 1
github.com/ichiban/prolog/engine/text.go:252.52,254.5 1 1
github.com/ichiban/prolog/engine/text.go:255.4,255.33 1 1
github.com/ichiban/prolog/engine/text.go:256.18,257.35 1 1
github.com/ichiban/prolog/engine/text.go:258.14,259.34 1 1
github.com/ichiban/prolog/engine/text.go:260.19,261.36 1 1
github.com/ichiban/prolog/engine/text.go:262.18,265.13 3 1
github.com/ichiban/prolog/engine/text.go:265.13,268.7 2 1
github.com/ichiban/prolog/engine/text.go:269.6,269.10 1 1
github.com/ichiban/prolog/engine/text.go:270.13,271.60 1 1
github.com/ichiban/prolog/engine/text.go:273.12,274.59 1 1
github.com/ichiban/prolog/engine/text.go:276.11,277.58 1 1
github.com/ichiban/prolog/engine/text.go:280.2,280.19 1 1
github.com/ichiban/prolog/engine/text.go:283.30,284.21 1 1
github.com/ichiban/prolog/engine/text.go:284.21,286.3 1 1
github.com/ichiban/prolog/engine/text.go:288.2,290.9 3 1
github.com/ichiban/prolog/engine/text.go:290.9,293.3 2 1
github.com/ichiban/prolog/engine/text.go:294.2,294.49 1 1
github.com/ichiban/prolog/engine/text.go:294.49,296.3 1 1
github.com/ichiban/prolog/engine/text.go:297.2,301.12 5 1
github.com/ichiban/prolog/engine/text.go:304.45,305.37 1 1
github.com/ichiban/prolog/engine/text.go:305.37,307.3 1 1
github.com/ichiban/prolog/engine/text.go:308.2,309.11 2 1
github.com/ichiban/prolog/engine/text.go:309.11,311.3 1 1
github.com/ichiban/prolog/engine/text.go:312.2,312.18 1 1
github.com/ichiban/prolog/engine/variable.go:11.30,13.2 1 1
github.com/ichiban/prolog/engine/variable.go:19.29,22.2 2 1
github.com/ichiban/prolog/engine/variable.go:24.78,27.9 3 1
github.com/ichiban/prolog/engine/variable.go:27.9,29.3 1 1
github.com/ichiban/prolog/engine/variable.go:31.2,33.33 2 1
github.com/ichiban/prolog/engine/variable.go:33.33,35.3 1 1
github.com/ichiban/prolog/engine/variable.go:36.2,36.40 1 1
github.com/ichiban/prolog/engine/variable.go:36.40,38.3 1 1
github.com/ichiban/prolog/engine/variable.go:38.8,40.3 1 1
github.com/ichiban/prolog/engine/variable.go:41.2,41.34 1 1
github.com/ichiban/prolog/engine/variable.go:41.34,43.3 1 1
github.com/ichiban/prolog/engine/variable.go:45.2,45.15 1 1
github.com/ichiban/prolog/engine/variable.go:48.49,51.9 3 1
github.com/ichiban/prolog/engine/variable.go:51.9,53.3 1 0
github.com/ichiban/prolog/engine/variable.go:55.2,55.36 1 1
github.com/ichiban/prolog/engine/variable.go:56.16,57.10 1 1
github.com/ichiban/prolog/engine/variable.go:58.14,59.12 1 1
github.com/ichiban/prolog/engine/variable.go:60.14,61.13 1 1
github.com/ichiban/prolog/engine/variable.go:62.11,63.12 1 1
github.com/ichiban/prolog/engine/variable.go:65.10,66.12 1 1
github.com/ichiban/prolog/engine/variable.go:74.51,76.95 2 1
github.com/ichiban/prolog/engine/variable.go:76.95,77.37 1 1
github.com/ichiban/prolog/engine/variable.go:78.17,79.13 1 1
github.com/ichiban/prolog/engine/variable.go:80.17,81.35 1 1
github.com/ichiban/prolog/engine/variable.go:81.35,83.5 1 1
github.com/ichiban/prolog/engine/variable.go:86.2,86.10 1 1
github.com/ichiban/prolog/engine/variable.go:89.63,91.95 2 1
github.com/ichiban/prolog/engine/variable.go:91.95,92.91 1 1
github.com/ichiban/prolog/engine/variable.go:92.91,93.52 1 1
github.com/ichiban/prolog/engine/variable.go:93.52,95.5 1 1
github.com/ichiban/prolog/engine/variable.go:96.4,96.35 1 1
github.com/ichiban/prolog/engine/variable.go:99.2,99.11 1 1
github.com/ichiban/prolog/engine/variable.go:102.59,107.52 4 1
github.com/ichiban/prolog/engine/variable.go:107.52,109.3 1 1
github.com/ichiban/prolog/engine/variable.go:111.2,111.22 1 1
github.com/ichiban/prolog/engine/variable.go:111.22,112.26 1 1
github.com/ichiban/prolog/engine/variable.go:112.26,114.4 1 1
github.com/ichiban/prolog/engine/variable.go:117.2,117.11 1 1
github.com/ichiban/prolog/engine/vm.go:64.29,66.2 1 1
github.com/ichiban/prolog/engine/vm.go:69.29,71.2 1 1
github.com/ichiban/prolog/engine/vm.go:103.50,106.26 3 1
github.com/ichiban/prolog/engine/vm.go:106.26,108.3 1 1
github.com/ichiban/prolog/engine/vm.go:109.2,109.61 1 1
github.com/ichiban/prolog/engine/vm.go:113.50,116.26 3 1
github.com/ichiban/prolog/engine/vm.go:116.26,118.3 1 1
github.com/ichiban/prolog/engine/vm.go:119.2,119.61 1 1
github.com/ichiban/prolog/engine/vm.go:123.50,126.26 3 1
github.com/ichiban/prolog/engine/vm.go:126.26,128.3 1 1
github.com/ichiban/prolog/engine/vm.go:129.2,129.61 1 1
github.com/ichiban/prolog/engine/vm.go:133.50,136.26 3 1
github.com/ichiban/prolog/engine/vm.go:136.26,138.3 1 1
github.com/ichiban/prolog/engine/vm.go:139.2,139.61 1 1
github.com/ichiban/prolog/engine/vm.go:143.50,146.26 3 1
github.com/ichiban/prolog/engine/vm.go:146.26,148.3 1 1
github.com/ichiban/prolog/engine/vm.go:149.2,149.61 1 1
github.com/ichiban/prolog/engine/vm.go:153.50,156.26 3 1
github.com/ichiban/prolog/engine/vm.go:156.26,158.3 1 1
github.com/ichiban/prolog/engine/vm.go:159.2,159.61 1 1
github.com/ichiban/prolog/engine/vm.go:163.50,166.26 3 1
github.com/ichiban/prolog/engine/vm.go:166.26,168.3 1 1
github.com/ichiban/prolog/engine/vm.go:169.2,169.61 1 1
github.com/ichiban/prolog/engine/vm.go:173.50,176.26 3 1
github.com/ichiban/prolog/engine/vm.go:176.26,178.3 1 1
github.com/ichiban/prolog/engine/vm.go:179.2,179.61 1 1
github.com/ichiban/prolog/engine/vm.go:183.50,186.26 3 1
github.com/ichiban/prolog/engine/vm.go:186.26,188.3 1 1
github.com/ichiban/prolog/engine/vm.go:189.2,189.61 1 1
github.com/ichiban/prolog/engine/vm.go:200.40,206.2 1 1
github.com/ichiban/prolog/engine/vm.go:216.83,219.23 2 1
github.com/ichiban/prolog/engine/vm.go:219.23,220.41 1 1
github.com/ichiban/prolog/engine/vm.go:220.42,220.43 0 0
github.com/ichiban/prolog/engine/vm.go:223.2,228.9 6 1
github.com/ichiban/prolog/engine/vm.go:228.9,229.18 1 1
github.com/ichiban/prolog/engine/vm.go:230.23,232.15 2 1
github.com/ichiban/prolog/engine/vm.go:233.20,234.22 1 1
github.com/ichiban/prolog/engine/vm.go:235.11,236.69 1 1
github.com/ichiban/prolog/engine/vm.go:241.2,243.33 2 1
github.com/ichiban/prolog/engine/vm.go:246.130,252.9 2 1
github.com/ichiban/prolog/engine/vm.go:252.9,254.59 2 1
github.com/ichiban/prolog/engine/vm.go:255.19,257.37 2 1
github.com/ichiban/prolog/engine/vm.go:258.19,259.32 1 1
github.com/ichiban/prolog/engine/vm.go:260.17,263.31 3 1
github.com/ichiban/prolog/engine/vm.go:264.17,266.26 2 1
github.com/ichiban/prolog/engine/vm.go:267.21,271.24 4 1
github.com/ichiban/prolog/engine/vm.go:271.24,273.5 1 1
github.com/ichiban/prolog/engine/vm.go:274.4,274.52 1 1
github.com/ichiban/prolog/engine/vm.go:275.21,281.17 6 1
github.com/ichiban/prolog/engine/vm.go:282.14,283.64 1 1
github.com/ichiban/prolog/engine/vm.go:284.16,285.9 1 1
github.com/ichiban/prolog/engine/vm.go:286.15,288.60 2 1
github.com/ichiban/prolog/engine/vm.go:288.60,290.5 1 1
github.com/ichiban/prolog/engine/vm.go:291.15,292.20 1 1
github.com/ichiban/prolog/engine/vm.go:293.14,294.57 1 1
github.com/ichiban/prolog/engine/vm.go:294.57,296.5 1 1
github.com/ichiban/prolog/engine/vm.go:297.18,301.24 4 1
github.com/ichiban/prolog/engine/vm.go:301.24,303.5 1 1
github.com/ichiban/prolog/engine/vm.go:304.4,304.40 1 1
github.com/ichiban/prolog/engine/vm.go:305.18,311.17 6 1
github.com/ichiban/prolog/engine/vm.go:312.21,316.24 4 1
github.com/ichiban/prolog/engine/vm.go:316.24,318.5 1 1
github.com/ichiban/prolog/engine/vm.go:319.4,319.63 1 1
github.com/ichiban/prolog/engine/vm.go:320.21,329.17 6 1
github.com/ichiban/prolog/engine/vm.go:333.2,333.20 1 1
github.com/ichiban/prolog/engine/vm.go:337.39,344.2 6 1
github.com/ichiban/prolog/engine/vm.go:347.40,354.2 6 1
github.com/ichiban/prolog/engine/vm.go:359.74,360.20 1 1
github.com/ichiban/prolog/engine/vm.go:360.20,362.3 1 1
github.com/ichiban/prolog/engine/vm.go:364.2,364.22 1 1
github.com/ichiban/prolog/engine/vm.go:370.74,371.20 1 1
github.com/ichiban/prolog/engine/vm.go:371.20,373.3 1 1
github.com/ichiban/prolog/engine/vm.go:375.2,375.31 1 1
github.com/ichiban/prolog/engine/vm.go:381.74,382.20 1 1
github.com/ichiban/prolog/engine/vm.go:382.20,384.3 1 1
github.com/ichiban/prolog/engine/vm.go:386.2,386.40 1 1
github.com/ichiban/prolog/engine/vm.go:392.74,393.20 1 1
github.com/ichiban/prolog/engine/vm.go:393.20,395.3 1 1
github.com/ichiban/prolog/engine/vm.go:397.2,397.49 1 1
github.com/ichiban/prolog/engine/vm.go:403.74,404.20 1 1
github.com/ichiban/prolog/engine/vm.go:404.20,406.3 1 1
github.com/ichiban/prolog/engine/vm.go:408.2,408.58 1 1
github.com/ichiban/prolog/engine/vm.go:414.74,415.20 1 1
github.com/ichiban/prolog/engine/vm.go:415.20,417.3 1 1
github.com/ichiban/prolog/engine/vm.go:419.2,419.67 1 1
github.com/ichiban/prolog/engine/vm.go:425.74,426.20 1 1
github.com/ichiban/prolog/engine/vm.go:426.20,428.3 1 1
github.com/ichiban/prolog/engine/vm.go:430.2,430.76 1 1
github.com/ichiban/prolog/engine/vm.go:436.74,437.20 1 1
github.com/ichiban/prolog/engine/vm.go:437.20,439.3 1 1
github.com/ichiban/prolog/engine/vm.go:441.2,441.85 1 1
github.com/ichiban/prolog/engine/vm.go:447.74,448.20 1 1
github.com/ichiban/prolog/engine/vm.go:448.20,450.3 1 1
github.com/ichiban/prolog/engine/vm.go:452.2,452.94 1 1
github.com/ichiban/prolog/engine/vm.go:461.88,463.2 1 1
github.com/ichiban/prolog/engine/vm.go:465.59,467.2 1 1
github.com/ichiban/prolog/engine/vm.go:469.44,471.2 1 1
github.com/ichiban/prolog/engine/vm.go:473.41,475.2 1 1
github.com/ichiban/prolog/engine/vm.go:477.45,478.12 1 1
github.com/ichiban/prolog/engine/vm.go:478.12,480.3 1 1
github.com/ichiban/prolog/engine/vm.go:481.2,481.16 1 1
github.com/ichiban/prolog/engine/vm.go:484.45,491.2 4 1
github.com/ichiban/prolog/engine/vm.go:494.41,496.2 1 1
github.com/ichiban/prolog/engine/vm.go:501.27,511.26 7 1
github.com/ichiban/prolog/engine/vm.go:511.26,513.35 2 1
github.com/ichiban/prolog/engine/vm.go:513.35,515.4 1 1
github.com/ichiban/prolog/engine/vm.go:519.2,519.25 1 1
github.com/ichiban/prolog/engine/vm.go:519.25,521.34 2 0
github.com/ichiban/prolog/engine/vm.go:521.34,523.4 1 0
github.com/ichiban/prolog/engine/vm.go:527.2,527.31 1 1
github.com/ichiban/prolog/engine/vm.go:527.31,529.40 2 0
github.com/ichiban/prolog/engine/vm.go:529.40,531.4 1 0
github.com/ichiban/prolog/engine/vm.go:533.2,540.10 3 1
github.com/ichiban/prolog/engine/vm.go:546.72,551.2 4 1
github.com/ichiban/prolog/engine/vm.go:555.68,557.26 2 1
github.com/ichiban/prolog/engine/vm.go:557.26,559.3 1 1
github.com/ichiban/prolog/engine/vm.go:560.2,561.16 2 1
github.com/ichiban/prolog/engine/vm.go:566.54,568.26 2 1
github.com/ichiban/prolog/engine/vm.go:568.26,570.3 1 1
github.com/ichiban/prolog/engine/vm.go:571.2,571.16 1 1
github.com/ichiban/prolog/engine/vm.go:576.65,578.26 2 1
github.com/ichiban/prolog/engine/vm.go:578.26,581.3 2 0
github.com/ichiban/prolog/engine/vm.go:582.2,583.34 2 1
github.com/ichiban/prolog/engine/vm.go:583.34,585.3 1 1
github.com/ichiban/prolog/engine/vm.go:586.2,587.11 2 1
github.com/ichiban/prolog/engine/vm.go:591.31,596.2 4 1
github.com/ichiban/prolog/engine/vm.go:599.32,604.2 4 1
github.com/ichiban/prolog/engine/vm.go:608.41,610.25 2 1
github.com/ichiban/prolog/engine/vm.go:610.25,613.3 2 1
github.com/ichiban/prolog/engine/vm.go:614.2,615.33 2 1
github.com/ichiban/prolog/engine/vm.go:615.33,617.3 1 1
github.com/ichiban/prolog/engine/vm.go:618.2,619.11 2 1
github.com/ichiban/prolog/engine/vm.go:624.43,629.2 4 1
github.com/ichiban/prolog/engine/vm.go:633.51,635.31 2 1
github.com/ichiban/prolog/engine/vm.go:635.31,638.3 2 1
github.com/ichiban/prolog/engine/vm.go:639.2,640.39 2 1
github.com/ichiban/prolog/engine/vm.go:640.39,642.3 1 1
github.com/ichiban/prolog/engine/vm.go:643.2,644.11 2 1
github.com/ichiban/prolog/engine/vm.go:648.38,653.2 4 1
github.com/ichiban/prolog/engine/vm.go:657.48,659.31 2 1
github.com/ichiban/prolog/engine/vm.go:659.31,661.3 1 1
github.com/ichiban/prolog/engine/vm.go:662.2,663.16 2 1
github.com/ichiban/prolog/engine/vm.go:668.46,670.31 2 1
github.com/ichiban/prolog/engine/vm.go:670.31,672.3 1 1
github.com/ichiban/prolog/engine/vm.go:673.2,673.16 1 1
github.com/ichiban/prolog/engine/vm.go:678.42,682.2 3 1
github.com/ichiban/prolog/engine/vm.go:685.32,689.2 3 1
github.com/ichiban/prolog/engine/vm.go:692.43,696.2 3 1
github.com/ichiban/prolog/engine/vm.go:699.48,703.2 3 1
github.com/ichiban/prolog/engine/vm.go:708.41,710.22 2 1
github.com/ichiban/prolog/engine/vm.go:710.22,712.3 1 1
github.com/ichiban/prolog/engine/vm.go:713.2,713.31 1 1
github.com/ichiban/prolog/engine/vm.go:713.31,716.3 2 1
github.com/ichiban/prolog/engine/vm.go:717.2,719.14 3 1
github.com/ichiban/prolog/engine/vm.go:723.38,725.22 2 1
github.com/ichiban/prolog/engine/vm.go:725.22,727.3 1 1
github.com/ichiban/prolog/engine/vm.go:728.2,728.16 1 1
github.com/ichiban/prolog/engine/vm.go:732.39,737.2 4 1
github.com/ichiban/prolog/engine/vm.go:748.45,758.2 4 1
github.com/ichiban/prolog/engine/vm.go:763.40,764.22 1 1
github.com/ichiban/prolog/engine/vm.go:764.22,766.3 1 1
github.com/ichiban/prolog/engine/vm.go:767.2,767.19 1 1
github.com/ichiban/prolog/engine/vm.go:767.19,768.33 1 1
github.com/ichiban/prolog/engine/vm.go:768.33,770.4 1 1
github.com/ichiban/prolog/engine/vm.go:771.3,771.53 1 1
github.com/ichiban/prolog/engine/vm.go:771.53,773.4 1 1
github.com/ichiban/prolog/engine/vm.go:775.2,775.13 1 1
github.com/ichiban/prolog/engine/vm.go:779.63,780.35 1 1
github.com/ichiban/prolog/engine/vm.go:780.35,782.3 1 1
github.com/ichiban/prolog/engine/vm.go:783.2,783.35 1 1
github.com/ichiban/prolog/engine/vm.go:786.74,787.36 1 1
github.com/ichiban/prolog/engine/vm.go:788.16,789.60 1 1
github.com/ichiban/prolog/engine/vm.go:790.12,791.57 1 1
github.com/ichiban/prolog/engine/vm.go:792.16,793.86 1 1
github.com/ichiban/prolog/engine/vm.go:794.10,795.73 1 1
github.com/ichiban/prolog/engine/vm.go:804.54,806.2 1 1
